,Name,R,G,B,Clusters
0,(MozArt Wine) Brunello di Montalcino 2016'.png,132.48922658575043,128.21442787818006,113.57514920143856,3
1,110 e Lode Merlot 2015'.png,105.45661193116342,88.44184529960917,76.28465114293962,4
2,123 Brunello di Montalcino Riserva 2015'.png,130.73700823630867,121.49415889318009,102.66693722908072,3
3,16 Primitivo Gioia del Colle 2017'.png,124.95743076797086,105.66726194964022,109.92798168357679,3
4,17 Primitivo Gioia del Colle 2017'.png,118.77453060879219,105.4302402769412,102.0942013114486,1
5,1921 Primitivo di Manduria Riserva 2013'.png,149.42068632547597,125.63976989256278,125.49969686434895,0
6,25 anni Montefalco Sagrantino 2015'.png,145.52027622860945,137.9414846034476,121.96005070617989,0
7,28 Clones Poggio Ai Chiari Sangiovese Toscana 2010'.png,182.53432279985046,174.11862910096667,180.6506601150408,6
8,5 Stelle Sfursat 2017'.png,152.0370744259439,139.1961206355982,130.40920212929763,0
9,50 & 50 2017'.png,159.5186738820041,125.98391625311362,115.7769968868172,7
10,60 Sessantanni Limited Edition Old Vines Primitivo di Manduria 2017'.png,100.650941376621,101.25342463344141,96.95599001608926,1
11,60 Sessantanni Old Vines Primitivo di Manduria 2017'.png,109.39763204582265,106.92633495411394,104.36548351920585,1
12,62 Anniversario Primitivo di Manduria Riserva 2017'.png,133.3050779289855,127.79469265612865,119.659900282163,3
13,8 Limited Edition N.V.'.png,135.9304143708111,119.59885331509544,91.83970063237847,7
14,A50 Amarone della Valpolicella 2012'.png,127.52283746088021,129.5125555983402,111.44817393412522,3
15,AD 1441 Brunello di Montalcino 2016'.png,111.40483965193047,103.6201533014344,89.9844667446507,1
16,Acinatico Amarone della Valpolicella Classico 2018'.png,126.94811353230801,119.75907186563215,114.1434769635713,3
17,Ad Hoc Primitivo di Manduria 2021'.png,130.99484952626815,137.42269093543374,127.1531189654843,0
18,Aglianico Castel del Monte Bocca di Lupo 2014'.png,153.17056141287117,147.57633651911001,139.63125563497883,2
19,Ai Suma Barbera d'Asti 2016'.png,134.09313323003025,120.77680064119322,121.44939901761198,3
20,Alàuda 2016'.png,149.34099236311508,141.87601629591944,123.85204075831774,0
21,Albareda Sforzato di Valtellina 2016'.png,142.25095662720366,137.06412260390857,124.10456971081915,0
22,Albasini Amarone Della Valpolicella Classico 2013'.png,153.8225711630432,146.29527777886494,134.314464947269,5
23,Alcineo Toscana Rosso 2015'.png,160.41210788104092,141.97438433200412,147.62957676388518,2
24,Alfiera Barbera d'Asti Superiore 2018'.png,148.96604274049767,137.2981696949191,133.54392653715342,0
25,Altero Brunello di Montalcino 2007'.png,100.02643919259252,93.09317870256992,89.05527439311611,4
26,Amaranta Montepulciano d'Abruzzo 2018'.png,116.12453015648778,114.15885380661031,112.98737248676692,3
27,Amarone 2010'.png,110.1237177068638,99.6064985101602,99.58060274314344,1
28,Amarone 2013'.png,130.39696882179297,105.49967167196098,98.30376657121717,1
29,Amarone Classico Monte Danieli 2012'.png,128.0822382727448,126.61418322771866,133.10139022444986,0
30,Amarone Stella 2010'.png,143.68938722118625,118.99352923583702,112.08289789258663,7
31,Amarone della Valpolicella 2015'.png,157.64447656589664,155.7315713464986,151.8909868979277,2
32,Amarone della Valpolicella 2016'.png,152.15365130866027,141.35186012449833,124.3682231039456,5
33,Amarone della Valpolicella 2017'.png,114.74366592961785,106.842229931681,97.49942100737928,1
34,Amarone della Valpolicella 2018'.png,133.76638173281717,120.00752929134977,103.60281515039355,3
35,Amarone della Valpolicella 2019'.png,119.72762421429735,118.01672762790875,114.67350173427164,3
36,Amarone della Valpolicella Classico 2001'.png,131.53817445358848,120.26615824452712,111.39607988692075,3
37,Amarone della Valpolicella Classico 2011'.png,179.67382669715698,132.7392104843177,85.87086234573401,7
38,Amarone della Valpolicella Classico 2013'.png,151.64875248268498,135.35543253748224,130.2629542385845,0
39,Amarone della Valpolicella Classico 2014'.png,112.52977747988366,102.02962845157877,99.53794893752094,1
40,Amarone della Valpolicella Classico 2015'.png,102.02905301714051,94.60578903613107,96.10229478961357,1
41,Amarone della Valpolicella Classico 2016'.png,111.47970402476327,83.72223949361825,65.37180157334569,4
42,Amarone della Valpolicella Classico 2017'.png,170.23611054454145,143.55208114130565,127.78492960945792,5
43,Amarone della Valpolicella Classico 2018'.png,117.25910642340614,113.2559655183346,114.82694566599075,3
44,Amarone della Valpolicella Classico 2019'.png,121.10372413761684,118.4344375593518,108.69855564817777,3
45,Amarone della Valpolicella Classico Crosara de le Strie 2015'.png,146.78389836938118,143.9979374258742,139.6468990355905,2
46,Amarone della Valpolicella Classico Lena di Mezzo 2017'.png,105.82202226028812,97.83789125092015,84.12279280180077,1
47,Amarone della Valpolicella Classico Rhetico 2012'.png,109.1559518948057,82.67844272136296,81.21226701927782,4
48,Amarone della Valpolicella Classico Riserva (Sergio Zenato) 2016'.png,119.02187394648428,91.55341795957686,56.27783162119704,4
49,Amarone della Valpolicella Classico Riserva 2015'.png,148.12581107123705,143.33693305618326,130.1814753927496,0
50,Amarone della Valpolicella Classico Vigneto Alto TB 2007'.png,98.39573245120468,98.71045074570246,100.86859397765394,1
51,Amarone della Valpolicella Monte Lodoletta 2003'.png,115.83367793902553,104.73648974194508,89.3804352457763,1
52,Amarone della Valpolicella Proemio 2013'.png,154.29220439591043,104.5856809445468,91.53095466917519,7
53,Amarone della Valpolicella Riserva 2009'.png,148.52021444355867,138.14855985555528,138.357904855724,0
54,Amarone della Valpolicella Riserva 2015'.png,141.20305945693954,99.22181211810233,84.0639756376059,7
55,Amarone della Valpolicella Riserva Cent’anni 2006'.png,94.71822511362161,91.48353375220682,75.22496381337044,4
56,Amarone della Valpolicella Vigna Garzon 2016'.png,128.8565400169442,120.77369160947362,110.10930609416059,3
57,Amativo 2017'.png,101.91607836494055,97.09952621733949,93.70951287541345,1
58,Ambrosan Amarone della Valpolicella Classico 2011'.png,150.92379544615392,138.0082132783079,126.26895345086886,0
59,Amore e Magia Brunello di Montalcino 2016'.png,153.69026657279142,130.30239339893262,116.57201762909334,7
60,Ampio 2016'.png,150.6090927342345,143.08275888215206,146.23062352639064,2
61,Anrar Pinot Noir 2017'.png,157.7476482006008,121.44419421154849,110.61983485454977,7
62,Antonio Castagnedi Amarone della Valpolicella 2003'.png,150.53202398128593,148.31325341388538,136.06901345554112,2
63,Antonio Castagnedi Amarone della Valpolicella 2017'.png,144.4790365416381,140.54512442628524,124.91219315983528,0
64,Appassimento 2020'.png,112.93040153364895,103.41297836581339,89.72775972987252,1
65,Appassite Negroamaro - Primitivo 2020'.png,171.73599787006472,95.94112572167936,50.903613482862376,7
66,Appassito Primitivo 2021'.png,110.37689867429768,77.17721625689376,72.62637015185506,4
67,Aragone Maremma Toscana 2015'.png,140.24444351562693,104.1051104209012,95.85074930188226,7
68,Arborina Barolo 2015'.png,133.88321976794953,146.16695771465947,139.02938283448785,0
69,Arborina Langhe Rosso 2005'.png,178.80878309765174,172.4511236307081,168.68270442396943,6
70,Arcanum Il Fauno di Arcanum 2019'.png,114.3895820019823,113.90462126313419,109.09907352098485,3
71,Archimede Riserva 2015'.png,128.513704941238,117.8936753994335,112.41942010284595,3
72,Arcurìa Sopra il Pozzo Etna Rosso 2015'.png,104.16618211269413,101.15435359900492,102.2939531229899,1
73,Arnione Bolgheri Superiore 2016'.png,162.6078798233504,148.7949444163711,142.25870912735235,2
74,Asili Barbaresco Riserva 2013'.png,120.62339746526897,116.90087793102401,109.39306821501066,3
75,Asili Barbaresco Vecchie Viti 2011'.png,146.04301034135534,142.76365388138964,138.94352934853097,0
76,Asinone Vino Nobile di Montepulciano 2017'.png,142.3059518633812,140.10695856865007,133.87692903750838,0
77,Astuto Bolgheri Superiore 2018'.png,114.08607919520881,102.07147327912202,102.48290110999162,1
78,Badde Nigolosu 2016'.png,145.917925504739,130.08397350916994,112.10753034767887,7
79,Badia a Passignano Gran Selezione Chianti Classico 2016'.png,150.51052011958058,126.06232711425058,96.32628908171418,7
80,Baffonero Maremma Toscana 2015'.png,134.6228327090697,122.30258075708181,120.596483410685,3
81,Barbaresco 2001'.png,132.09735166709558,131.85137736969497,129.2645404918589,0
82,Barbaresco 2017'.png,156.21062703926387,158.34923428927593,147.48505008983113,2
83,Barbaresco Albesani 2015'.png,152.15972620401567,152.15882497205882,151.34781246371796,2
84,Barbaresco Albesani Santo Stefano 2011'.png,133.74243844284226,132.5268521238792,130.03396736746407,0
85,Barbaresco Angelo 2015'.png,161.89848970185588,159.71910827570727,156.3306566017951,6
86,Barbaresco Asili 2016'.png,134.77153607302944,133.02649505679977,127.61873029685198,0
87,Barbaresco Asili 2018'.png,158.09965211852935,155.69524077504747,145.3618106656628,2
88,Barbaresco Baluchin Riserva 2012'.png,151.52247123294137,145.73557461206883,118.47856329511389,5
89,Barbaresco Camp Gros Martinenga Riserva 2014'.png,129.37460664528226,127.92451397171848,117.15007230996947,3
90,Barbaresco Gaiun Martinenga 2016'.png,153.9874540344115,144.11807658999618,134.32460682987312,5
91,Barbaresco Martinenga 2018'.png,143.21184089504965,138.59069374296695,124.41648904023147,0
92,Barbaresco Masseria 2017'.png,142.78434307532106,123.48110913708821,105.32776108368563,7
93,Barbaresco Rabaja Riserva 2015'.png,150.0343550401297,142.75024195757908,135.9158021098279,0
94,Barbaresco Riserva Asili 2015'.png,156.7775166384522,153.76446234882403,143.00626040084396,2
95,Barbaresco Riserva Montefico 2016'.png,157.3958598340928,146.17964355195417,137.88817790622664,5
96,Barbaresco Riserva Montestefano 2015'.png,150.43363024415032,138.60405599169673,138.74992673394354,0
97,Barbaresco Riserva Muncagota 2015'.png,128.7530804727611,123.34993122655901,118.92464482286697,3
98,Barbaresco Riserva Ovello 2016'.png,133.175794185215,130.3432121024201,127.74410695897129,0
99,Barbaresco Riserva Pajé 2015'.png,163.5785226454443,155.43803991291355,154.5210405365688,6
100,Barbaresco Riserva Pora 2016'.png,171.95146374007098,158.97020315202494,146.20502660278672,6
101,Barbaresco Riserva Rabajà 2006'.png,144.27860548258704,136.58320540974282,136.43697446073773,0
102,Barbaresco Riserva Rabajà 2016'.png,136.30356800393162,130.59519293477337,124.63788512983744,0
103,Barbaresco Riserva Rio Sordo 2015'.png,153.57810130868603,145.44584583667643,140.61797545037706,2
104,Barbaresco Santo Stefano 2018'.png,178.31623549721218,156.67405303138307,120.79080665486102,5
105,Barbaresco Vanotu 2016'.png,140.5440957747527,140.7601213579538,139.68283401208274,0
106,Barbera d'Alba 2019'.png,170.5750826572551,143.61144473482443,117.74981786755824,5
107,Barbera d'Alba Cerretta 2018'.png,153.64310567535605,141.72058950694523,127.8265982324738,5
108,Barbera d'Alba Giada 2016'.png,123.73951027526356,116.89316428990837,106.72435034480996,3
109,Barbera d'Alba Vigna Francia 2010'.png,151.29511002494536,143.53098222036544,138.58675868400877,2
110,Barbera d'Alba Vigna Francia 2017'.png,130.05035366422106,134.62232092538957,126.65812065382565,0
111,Barbera d’Alba Legattere 2018'.png,142.14311574723098,142.44533417541783,149.64898562181367,2
112,Barolo (Rocche) 2016'.png,148.82042817190737,141.78329932772044,136.6856258626353,0
113,Barolo 1964'.png,120.1515056656615,107.8863236167097,90.67370935738457,1
114,Barolo 1974'.png,167.96396170095204,160.93418763272143,155.80011967529632,6
115,Barolo 2009'.png,127.9836179032805,126.31615162476382,120.90377071950051,3
116,Barolo 2012'.png,125.88144557448071,116.54814608448831,111.88559939410726,3
117,Barolo 2013'.png,131.12578903106592,127.49148376018121,130.25408051265066,0
118,Barolo 2016'.png,170.74524302752602,166.67099030204525,157.33389509401508,6
119,Barolo 2017'.png,158.87397818674364,153.24270544353342,157.06094910028867,2
120,Barolo Acclivi 2016'.png,160.610331905701,156.40310651297062,153.18641031508272,2
121,Barolo Aeroplan Servaj 2016'.png,155.21416736562426,159.63344054854377,164.67053635112953,6
122,Barolo Aleste 2014'.png,116.95700468497768,117.20353787893343,123.7284300775243,3
123,Barolo Arione 2016'.png,91.35792161203013,87.54640492831797,91.2048540200871,4
124,Barolo Bricco Delle Viole 2016'.png,160.88229098873765,152.37053808559588,135.88181823149267,5
125,Barolo Bricco Gattera 2017'.png,160.92219297298635,154.66779719786481,151.7196512968621,2
126,Barolo Bricco Luciani 2016'.png,133.95093131441826,121.28592663619304,101.00241581269232,7
127,Barolo Bricco Visette 2010'.png,161.8251246492396,155.42094245898366,131.51692519559307,5
128,Barolo Brunate 2010'.png,154.21836073841735,144.68305792661425,127.78544330991834,5
129,Barolo Brunate 2011'.png,143.76215379141027,135.11078968830017,118.2674271036852,0
130,Barolo Brunate 2013'.png,155.58454357937748,150.27324509962205,142.9224099329569,2
131,Barolo Brunate 2014'.png,152.06789568465524,153.7525045424016,153.75833144839962,2
132,Barolo Brunate 2016'.png,157.87671501161006,156.13842628662974,146.1969876012275,2
133,Barolo Bussia 1999'.png,162.79647036423182,157.36513955954277,163.26336916419243,6
134,Barolo Bussia 2013'.png,147.4809048112691,142.71769884560922,140.1442085030799,2
135,Barolo Bussia 2016'.png,152.19578034740502,148.3901309130124,142.70172299601623,2
136,Barolo Bussia Cicala 2014'.png,149.17509737693942,140.89107265841477,142.07318650111515,2
137,Barolo Bussia Colonnello 2015'.png,161.9208289217594,155.8900693106441,157.6205375925604,6
138,Barolo Bussia Munie Riserva 2015'.png,121.58134531831668,95.20644235904767,102.27448649705015,1
139,Barolo Bussia Romirasco 2017'.png,150.25653915572232,145.57738694780582,147.72807003804442,2
140,Barolo Cannubi 2005'.png,153.11787184115823,133.779993325509,121.6739058717141,0
141,Barolo Cannubi 2010'.png,147.6984132500947,145.86076135180312,141.54755610146674,2
142,Barolo Cannubi 2015'.png,139.9864164379837,135.13668522935998,131.4775317895109,0
143,Barolo Cannubi 2016'.png,138.1362214854399,149.12226855970292,148.06251991615423,2
144,Barolo Cannubi Boschis 1989'.png,124.75999005334297,122.26900122850977,112.29769211138449,3
145,Barolo Carobric 2016'.png,190.62762425480798,165.37218531971862,113.50998250828981,5
146,Barolo Cascina Francia 2017'.png,162.05761918761763,155.50022558859123,145.26206384901698,2
147,Barolo Castelletto Vigna Pressenda 2016'.png,155.42719894930985,154.6559427565629,142.27702544157978,2
148,Barolo Castiglione 2015'.png,161.03762804717047,146.8578477677662,130.58366711670743,5
149,Barolo Cerequio 2013'.png,137.90666050612708,135.04108862686897,134.21296331544264,0
150,Barolo Cerretta 2012'.png,126.02810272778589,122.15293112601582,118.45985066879174,3
151,Barolo Cerretta 2016'.png,144.745593551547,140.64812979326328,135.8129572704674,0
152,Barolo Cerretta 2017'.png,154.90285364639544,151.7940593062784,136.59422773619482,2
153,Barolo Ciabot Mentin 2011'.png,139.8564314880493,138.60753625666555,140.46054669753863,0
154,Barolo Ciabot Mentin Ginestra 1989'.png,153.5497381578797,150.24698541570152,147.3026554042955,2
155,Barolo Ciabot Mentin Ginestra 2013'.png,153.746100613366,155.96938737841086,150.53258863436798,2
156,Barolo Conca 2014'.png,163.24826516208793,151.794740150161,146.82043187406265,2
157,Barolo Coste di Rose 2017'.png,150.141348745689,141.64418589135735,128.17268856990594,0
158,Barolo Enrico VI 2017'.png,132.8454047937043,127.03879065351914,126.26298950874337,0
159,Barolo Gavarini Chiniera 2015'.png,106.82460420236588,114.66986162612359,119.9842345286791,3
160,Barolo Ginestra Casa Maté 2017'.png,143.140578790372,142.02247497917182,137.53421421250562,0
161,Barolo Ginestra Vigna del Gris 2017'.png,198.04702850082847,201.38551956394443,189.3584997676707,6
162,Barolo La Serra 2014'.png,155.27528567878883,153.79654900567755,150.66504629574442,2
163,Barolo Lazzarito 2007'.png,158.89983330637384,147.65879531782298,149.16872969009077,2
164,Barolo Lazzarito 2014'.png,180.32364822794656,159.3196534282696,132.6129885207684,5
165,Barolo Lazzarito 2015'.png,153.10269755951396,145.61913335822322,140.24123502023218,2
166,Barolo Le Brunate 2016'.png,175.31268507842526,157.66447588636365,137.69896133438758,5
167,Barolo Le Vigne 2009'.png,128.14570444859808,122.06555615733703,111.17932873180564,3
168,Barolo Lecinquevigne 2017'.png,159.3890101524476,150.03843769809538,151.76175785599276,2
169,Barolo Liste 2008'.png,132.3432663851105,125.3990009881215,131.19521728847465,0
170,Barolo Liste 2015'.png,138.7415091067066,133.88485635763578,130.4319441835169,0
171,Barolo Marcenasco 2017'.png,187.1651572233234,166.25352716293764,130.97893858533584,6
172,Barolo Marenca 2016'.png,128.8557649593735,127.27561287478864,125.38725320105758,3
173,Barolo Monfalletto 1971'.png,140.8960078901105,121.13068039222541,109.09744253878702,7
174,Barolo Monprivato 2011'.png,123.8115107575965,123.15946939622948,126.1482632212013,3
175,Barolo Monvigliero 2015'.png,147.78996750093398,145.44917166646752,148.84727112532997,2
176,Barolo Monvigliero 2017'.png,173.46438620256438,124.19926931356608,88.20892375065581,7
177,Barolo Monvigliero Riserva 2015'.png,156.3498062191377,144.32259665333737,145.6159740713975,2
178,Barolo Mosconi Vigna Ped 2015'.png,138.8015169625718,145.31892949592378,149.00960073468792,2
179,Barolo Paiagallo 2017'.png,162.30099126224056,157.1084551087772,153.42251029971666,6
180,Barolo Pajana 2011'.png,176.00255441232625,179.85777527738713,175.8601311107373,6
181,Barolo Pajana 2017'.png,160.3941301772143,156.54852702773664,160.3681064846274,6
182,Barolo Parafada 2015'.png,178.5490239913228,166.8275414055742,138.52498198852305,6
183,Barolo Parafada 2016'.png,142.82975384238807,139.16276653814833,121.72497074937831,0
184,Barolo Parussi 2015'.png,158.36024873511232,131.30531960481167,85.91180329072387,7
185,Barolo Percristina 2010'.png,152.6469703629116,149.11676278369723,138.32656952804973,2
186,Barolo Pressenda 2011'.png,138.95781305678284,136.05620045606037,128.18567572204572,0
187,Barolo Ravera 2015'.png,153.66812708116285,142.53868485376836,128.3965109791561,5
188,Barolo Ravera 2017'.png,146.5224919166003,138.83239630197343,124.89680202222347,0
189,Barolo Raviole 2016'.png,150.9502290820356,145.67234877759253,143.68554002736485,2
190,Barolo Riserva 2004'.png,135.3736590295731,126.56769686521035,114.27732533890602,3
191,Barolo Riserva 2006'.png,139.68645561525622,134.74373643996935,133.09595536053428,0
192,Barolo Riserva 2009'.png,147.30510066839787,139.30350849736269,132.6546190959051,0
193,Barolo Riserva 2012'.png,154.23504141407037,139.81235996863796,110.40159419138838,5
194,Barolo Riserva Bricco Boschis Vigna San Giuseppe 2016'.png,120.67857608167077,118.5381912669694,116.43548903822116,3
195,Barolo Riserva Bussia 90 Dì 2015'.png,135.8953461235491,117.32082709642067,107.68073725820504,3
196,Barolo Riserva Cannubi 1752 2008'.png,157.07433853461538,143.17619538492139,140.5843676476068,2
197,Barolo Riserva Cerequio 2007'.png,149.30832528697118,138.30835115783862,128.81633436796747,0
198,Barolo Riserva Granbussia 2008'.png,152.69341832574185,143.0884901031526,138.25898885786776,2
199,Barolo Riserva Monfortino 2014'.png,150.103969238084,129.6936646113302,94.90350830885055,7
200,Barolo Riserva Monprivato Cà d'Morissio 2003'.png,180.337722661888,173.00148090896278,165.20007904266416,6
201,Barolo Riserva Rüncot 2013'.png,136.05520851053754,134.05853833159878,117.33469576403871,0
202,Barolo Riserva Vigna Rionda 2011'.png,168.07481667400384,149.7498313855478,124.24519306596936,5
203,Barolo Riserva Vignolo 2016'.png,144.52388676669975,140.02411591021473,134.81045322820904,0
204,Barolo Riserva Villero 2012'.png,141.77121971739356,132.3515213242764,125.8042786849202,0
205,Barolo Rocche dell'Annunziata 2013'.png,138.40927347590184,128.17315297228643,110.7552356424843,7
206,Barolo Rocche di Castiglione 2013'.png,146.6424088147495,136.25221229151,122.7495850498944,0
207,Barolo Rocche di Castiglione 2017'.png,163.06010191933728,143.0050442737844,123.01532730106497,5
208,Barolo Santo Stefano di Perno 2015'.png,133.5166009562994,137.7885435401786,127.6294051550855,0
209,Barolo Sette7Anni Riserva 2012'.png,123.57163517412822,101.91788313127773,105.15689491906656,1
210,Barolo Sottocastello di Novello 2015'.png,138.30982862997183,136.23867396809536,130.75966851093997,0
211,Barolo Terlo Ravera 2011'.png,142.64046396722185,137.14026024618795,135.8510429932466,0
212,Barolo Vigna Rionda 2005'.png,163.83827487788264,151.75229765153372,129.99739549177772,5
213,Barolo Vigna Rionda Ester Canale 2016'.png,133.2652669398483,132.0977504966474,133.42948493860115,0
214,Barolo Vignarionda 2015'.png,154.7856869060177,139.13588449727376,138.20250161126933,5
215,Barolo Vignarionda Riserva 2009'.png,159.64824078051635,148.45975225365186,133.11282255820348,5
216,Barolo Vigneto Cannubi 2012'.png,167.71296577453066,169.7974750686315,171.56250885448267,6
217,Barolo Villero 2015'.png,130.48757783071724,122.77918831652757,111.13779537921826,3
218,Barolo Villero 2016'.png,144.2256548804397,137.38782704360253,130.43699734615114,0
219,Barolo Villero 2017'.png,172.330113445097,168.48278250313888,163.59254261732104,6
220,Barolo del Commune di Castiglione Falletto 2016'.png,125.62694540489595,117.27696395503169,117.26355434008723,3
221,Barolo del Comune di Barolo 2015'.png,162.5012087867129,155.60459402774612,146.89669461525978,2
222,Barolo del Comune di Serralunga d'Alba 2016'.png,131.14777526067033,127.10931955000729,119.07759611103312,3
223,Barolo del Comune di Serralunga d'Alba 2018'.png,129.44627224595533,123.30855606972291,114.57473508020513,3
224,Barolo del Comune di la Morra 2017'.png,150.13605378345767,135.2801555012447,138.73748790857178,0
225,Baron' Ugo Toscana Rosso 2015'.png,134.89057293475577,132.10160973325665,110.28796531860422,3
226,Barrua 2018'.png,154.22515751162703,150.23692750902416,138.73922705035386,2
227,Barthenau Vigna S. Urbano 2017'.png,172.7297248629768,162.50082008693255,150.56897598418348,6
228,Bassolino di Sopra Brunello di Montalcino 2007'.png,124.40842693689758,119.91507821892945,117.84326638832982,3
229,Bayamore Rosso di Rossi 2020'.png,162.03028039445553,157.3296402025839,156.73243091957957,6
230,Belan Primitivo Di Manduria 2018'.png,71.2003920869354,65.94748542085084,60.10813172940912,4
231,Bellovedere Montepulciano d'Abruzzo (Riserva) 2016'.png,156.96879919770242,156.8427337725752,162.31293909013672,6
232,Bibbona 2012'.png,147.4253150900881,117.51038335431653,118.10795991836635,7
233,Bicento 2018'.png,96.75967630862348,89.10631267957166,88.76020495548575,4
234,Bigolla 2009'.png,110.948871891124,99.29858753358987,77.8755721846267,1
235,Bilaccio 2016'.png,136.38447528806788,117.5733898126267,118.19342307829207,3
236,Blu Onice Aglianico Irpinia 2019'.png,150.6269574643285,148.8009027574004,159.7186009707792,2
237,Bolgheri Superiore 2010'.png,128.32110420785807,118.49559743539102,97.52732187647057,3
238,Bolgheri Superiore 2011'.png,147.0919732106275,115.82611216435313,84.00168689264352,7
239,Bolgheri Superiore 2012'.png,147.6835957188355,136.30096250926616,127.9953651194585,0
240,Bolgheri Superiore 2015'.png,108.32766527769408,97.53113646751565,96.84742323416134,1
241,Bolgheri Superiore 2018'.png,143.04042432867007,143.16754130000893,142.64353180342363,0
242,Bolgheri Superiore 2019'.png,132.0325806844838,119.61463713660982,112.07047487444085,3
243,Bolgheri Superiore Baia Al Vento 2018'.png,149.36196313568604,138.6443005085029,104.37873650758873,7
244,Bolgheri Superiore Sondraia 2018'.png,167.15814069317713,143.7027487558954,127.67767228454629,5
245,Bonsai 2017'.png,149.18996891680362,121.34160751484099,117.54271428948577,7
246,Borromeo Chianti Classico Riserva 2016'.png,155.48673893374948,130.27162718870792,95.7523873594772,7
247,Bramasole Syrah 2017'.png,149.14231399760902,146.7343942507698,143.15457539366443,2
248,Breg Rosso 2005'.png,110.40628124692685,111.13418989341356,117.41518867085401,3
249,Bric Dël Fiasc Barolo 2015'.png,127.03515832875914,122.99031236436417,81.51954050331103,1
250,Bricco Manzoni 2015'.png,166.99234320095948,165.75816948490998,161.81967956850048,6
251,Bricco San Pietro Fraschin Barolo 2013'.png,139.2994041624012,136.02317449611297,133.10927841439155,0
252,Bricco Sarmassa Barolo 2011'.png,162.38561404694195,146.98730194227974,120.13708968809382,5
253,Bricco dell'Uccellone Barbera d'Asti 2018'.png,159.8282684534416,143.82097281767435,138.36869886429093,5
254,Bricco della Bigotta Barbera d'Asti 2017'.png,131.21648828717744,106.53713932397457,106.26255796514802,3
255,Bricco delle Viole Barolo Riserva 2013'.png,135.197562671747,127.75123085171033,126.89733070353584,0
256,Brunate Barolo 2001'.png,159.80796073326727,139.28509344112155,141.94865130688328,2
257,Brunate Barolo 2014'.png,150.5765111638788,146.7283014433291,136.31592623766215,2
258,Brunate Barolo 2016'.png,161.46308576030964,116.81425071437334,92.31628481848556,7
259,Brunate Barolo 2017'.png,166.25414951536007,156.71962174736592,140.3616274278097,5
260,Brunello di Montalcino (Casato Prime Donne) 2016'.png,130.99421457441738,122.18918467030419,124.73756703544149,3
261,Brunello di Montalcino 1995'.png,159.15678398913374,152.67915770284557,141.9890203141207,2
262,Brunello di Montalcino 1997'.png,147.409320851891,126.99451287048822,111.33990660652454,7
263,Brunello di Montalcino 2004'.png,119.00479476252454,111.66530874210929,97.84279107172834,1
264,Brunello di Montalcino 2007'.png,153.43070174236365,145.3949099586957,135.51961192901678,5
265,Brunello di Montalcino 2008'.png,162.0711969305278,158.98358838734964,151.03399354608132,6
266,Brunello di Montalcino 2009'.png,159.44838475686984,154.3863774537996,150.20678659820095,2
267,Brunello di Montalcino 2011'.png,124.24312588915599,110.3977240721699,112.26134791735076,3
268,Brunello di Montalcino 2012'.png,187.55126835313476,122.85709427073482,96.27628227992743,7
269,Brunello di Montalcino 2013'.png,135.30464820576918,126.32802836658277,122.0409767250328,3
270,Brunello di Montalcino 2014'.png,166.5049832552134,122.44436306847325,124.78685765143574,5
271,Brunello di Montalcino 2015'.png,135.31084039873437,121.21806634261716,115.26482721175988,3
272,Brunello di Montalcino 2017'.png,101.47976297021056,108.3054164901586,105.56022202661522,1
273,Brunello di Montalcino Montosoli 2007'.png,171.27293225385804,156.85033490259153,145.75851023897923,6
274,Brunello di Montalcino Pianrosso 2013'.png,142.74955869611824,130.62748440714796,120.84489271474445,0
275,Brunello di Montalcino Prime Donne Selection 2015'.png,122.89403835838263,104.16621712682972,107.28126012824215,1
276,Brunello di Montalcino Riserva (Casato Prime Donne) 2006'.png,122.48002638285598,111.09137733256826,112.12248204705494,3
277,Brunello di Montalcino Riserva 1983'.png,114.9778479178099,107.00504072312425,101.56838974442584,1
278,Brunello di Montalcino Riserva 1999'.png,112.17434200365327,103.65237203869968,95.05290808790849,1
279,Brunello di Montalcino Riserva 2001'.png,120.59251492472676,115.06220813495058,106.14170117698764,3
280,Brunello di Montalcino Riserva 2007'.png,141.3204593193152,133.80878028941032,131.30757240703437,0
281,Brunello di Montalcino Riserva 2010'.png,137.60411487407956,111.08770448456212,81.08924796456166,7
282,Brunello di Montalcino Riserva 2012'.png,123.1074122843527,111.50354546114893,96.88932165314455,1
283,Brunello di Montalcino Riserva 2013'.png,174.49395245174279,170.30995881542907,153.00631448053488,6
284,Brunello di Montalcino Riserva 2015'.png,112.08923194654939,105.9868301406609,91.3374322532238,1
285,Brunello di Montalcino Riserva Le Due Sorelle 2011'.png,144.72225725862538,107.51360194493812,73.56478626202741,7
286,Brunello di Montalcino Riserva Madonna del Piano 2013'.png,146.10867220835385,136.1850292973659,132.3497662631909,0
287,Brunello di Montalcino Riserva Pian di Conte 2015'.png,137.4395447405805,128.37703856850942,117.56883443344807,3
288,Brunello di Montalcino Riserva Pianrosso Santa Caterina d'Oro 2015'.png,135.3638262677566,117.84148020892866,106.2929384061805,3
289,Brunello di Montalcino Riserva Vigna Paganelli 2015'.png,135.9020514522603,107.04620183856709,88.0518397434911,7
290,Brunello di Montalcino Ugolaia 2013'.png,161.72432737382502,153.6583059909226,149.05080049779087,2
291,Brunello di Montalcino Vigna di Fiore 2015'.png,150.44160757861056,153.4974207188208,152.47962439806082,2
292,Brunello di Montalcino Vigneto Manachiara 2012'.png,113.37030513744118,93.88446351829774,98.79445264546885,1
293,Bussia Barolo 2016'.png,166.17823916299855,136.1582012839933,122.53980571252652,5
294,Bussia Barolo 2017'.png,146.91531654739228,139.07103209692497,133.7626732534361,0
295,Ca' Carnocchio Veronese 2016'.png,143.19531290442183,137.06889468352688,111.9676204600958,7
296,Ca' Coato Amarone della Valpolicella Classico 2016'.png,142.60349565179513,142.14873530287622,139.8608300877293,0
297,Ca' Florian Amarone della Valpolicella Classico Riserva 2012'.png,151.21568805426733,133.37164645617665,108.36023798640619,7
298,Ca' de' Rocchi Valpolicella Ripasso Superiore Monterè 2018'.png,147.10808481482647,152.3732846865843,153.84749866516665,2
299,Ca'Marcanda Bolgheri 2016'.png,137.63942663606923,113.64400901197443,112.30541341517309,3
300,Ca'Marcanda Magari 2019'.png,137.95008303671318,134.72560151997106,130.68144223363277,0
301,Ca'Marcanda Promis Toscana 2019'.png,132.1446654179623,125.06939805847257,135.65395704877955,0
302,Cabernet Franc 2016'.png,139.45822284242456,134.82817485486436,130.97173709761717,0
303,Cabernet Istrice 2018'.png,140.73982800540816,141.22931534279675,145.62973709103252,0
304,Cabernet Sant'Antimo Olmaia 2015'.png,160.1176901494497,142.4945711641148,138.26625847592652,5
305,Cabernet Sauvignon 2017'.png,119.80191985106082,88.85796585134106,67.80793955479452,4
306,Cabraia Rosso Toscana 2016'.png,151.23855196871472,146.3586301028323,136.77247224257744,2
307,CalaMuri Primitivo 2018'.png,152.50762991145083,152.52905983437952,152.39583305617614,2
308,Calabrone 2015'.png,117.64596287440195,116.62617769000511,114.08307315568406,3
309,Calto 2016'.png,132.50580364648184,119.80518770070017,103.53719621469378,3
310,Camalaione 2015'.png,147.51141688098662,98.84920512746022,86.94094746698298,7
311,Camelot 2015'.png,171.2681235994904,112.32760985387284,98.6429697640484,7
312,Campo Alla Sughera 2012'.png,119.00317603119595,103.15207411245198,103.434638344458,1
313,Campo All’Albero 2015'.png,139.12656964416388,133.70840103724413,120.63114446888505,0
314,Campo Buri Carmenérè - Oseleta 2015'.png,170.7343218612395,146.76324069363432,135.6690478745285,5
315,Campo Inferi Amarone della Valpolicella Classico Riserva 2015'.png,113.9126600411344,86.45173197099243,75.5251418987315,4
316,Campo León Amarone della Valpolicella 2016'.png,151.15648844823036,127.78600862379261,108.61082818945816,7
317,Campo dei Gigli Amarone della Valpolicella 2010'.png,146.48709799677948,140.32179025111213,124.12011606847379,0
318,Campo dei Gigli Amarone della Valpolicella 2016'.png,126.40327190620651,120.40115344548829,105.28217963833,3
319,Campo del Drago Brunello di Montalcino 2016'.png,136.18412491853934,109.52458716257755,116.98835274552586,3
320,Campo del Maestro Verona 2018'.png,151.41666963428187,142.85692829115538,140.8361027689181,2
321,Campo del Titari Amarone della Valpolicella Classico Riserva 2016'.png,132.96700342566194,139.0914806880709,130.19509975417662,0
322,Campo di Tenaglia Rosso Toscana 2016'.png,128.37640733711282,104.89927942330877,113.42508973058895,3
323,Campocroce Amarone della Valpolicella 2015'.png,132.59516481679685,114.62168012490424,109.52863674494665,3
324,Campogadis Valpolicella Superiore 2014'.png,162.37526132448895,146.57565803847433,118.09275184877218,5
325,Campogiovanni Brunello di Montalcino 2016'.png,124.16098336754175,115.80036204335626,104.5297699382682,3
326,Campogiovanni Brunello di Montalcino Riserva Il Quercione 2011'.png,162.52594729551276,143.7472289221076,96.40784498078807,7
327,Campolongo di Torbe Amarone della Valpolicella Classico 2012'.png,125.01347378363253,118.2650894074368,110.1949431244287,3
328,Canace Nero di Troia 2018'.png,144.9987259326383,138.6835697915239,135.96966942673671,0
329,Cannubi Barolo 2015'.png,155.34539631692581,133.71312575809452,112.03082558989263,7
330,Cannubi Barolo 2016'.png,130.27794901670813,126.85412488366312,130.48620233572592,0
331,Cannubi Barolo 2017'.png,160.47165671993847,138.2840624501278,127.81038289553636,5
332,Capitel Monte Olmi Amarone della Valpolicella Classico Riserva 2015'.png,172.4327625863737,165.97519523139223,155.6832808962391,6
333,Capitel della Crosara Amarone della Valpolicella Classico 2014'.png,141.15448358197526,137.14758045087567,129.71733976340295,0
334,Capo di Stato 2017'.png,127.8677432479107,127.8677432479107,127.8677432479107,3
335,Caprile 2015'.png,131.46074808418135,117.46078433491624,102.52217717522879,3
336,Carant 2018'.png,90.59212331281407,87.30424743707124,105.22503647134201,1
337,Carla (6) Toscana 2016'.png,158.48862059196193,143.64867029036668,148.500414194281,2
338,Carmenere Riserva Colli Berici Oratorio Di San Lorenzo 2016'.png,166.55212005751284,161.68958451035255,147.8930951360908,6
339,Carmenero 2016'.png,144.01251592512023,118.17537379814804,104.73491854226715,7
340,Carmenère 2015'.png,171.27965147169252,147.49371747371097,123.35283331810139,5
341,Carmerum Primitivo Tarantino 2019'.png,109.83187006757046,104.45176223942147,101.35024921465667,1
342,Carmignano Riserva 2017'.png,183.45054919514413,170.17724877315416,164.71020611971804,6
343,Carpino Merlot 2016'.png,94.4153336599809,89.19725683907023,68.3898497448061,4
344,Casa Lupo Amarone della Valpolicella 2018'.png,128.4478006818334,124.12460137566069,116.05214345284624,3
345,Casa Lupo Amarone della Valpolicella Riserva 2015'.png,137.39047586038436,134.41765554587306,129.003100737928,0
346,Casanova Il Puro Chianti Classico Gran Selezione 2016'.png,153.59981895324654,139.373312792389,130.8269134196034,5
347,Casasilia Chianti Classico Gran Selezione 2018'.png,162.43802101705364,165.1053562308821,172.1727117976221,6
348,Case Basse Sangiovese Toscana 2013'.png,123.46972320783588,114.7733486861277,111.71585103533437,3
349,Castel Amarone della Valpolicella Classico 2015'.png,117.17903396085838,112.07697801065123,94.62856334109696,1
350,Castello del Terriccio 2003'.png,159.92741132285698,139.37162623433505,130.68442266273829,5
351,Castello di Brolio Gran Selezione Chianti Classico 2016'.png,179.07912956475215,153.10378086949856,128.55871234453556,5
352,Cavalli 2006'.png,144.4487621890862,140.27119505894754,123.74508029800289,0
353,Cave di Prun Amarone della Valpolicella Classico Riserva 2008'.png,112.51826377879489,90.57739686110651,75.047257838584,4
354,Cà Bertoldi Amarone della Valpolicella Classico 2012'.png,116.593920478257,113.09284723120936,111.234609451919,3
355,Ca’ del Merlo Rosso Veneto 2014'.png,121.5499476091188,129.69380961313652,108.65070813369215,3
356,Cento X Cento Appassimento Primitivo 2019'.png,115.691560862934,111.22942197874396,106.83992057022029,1
357,Cepparello Red 2003'.png,157.46833896938705,151.2160889441185,135.58806369246895,5
358,Cerano Montepulciano d'Abruzzo Riserva 2014'.png,147.78066850658095,136.4951038895783,133.35031715978096,0
359,Cerequio Barolo 1999'.png,164.97817798908565,142.26511239486794,143.95545570886313,5
360,Cerreta 2003'.png,152.07546603058975,151.13031618320537,141.60281167866563,2
361,Cerretalto Brunello di Montalcino 2012'.png,103.67172599920164,95.364014573583,99.92936481713423,1
362,Cerretta Barolo 2015'.png,171.71653886890317,157.6451838276823,146.8619157942486,6
363,Cerretta Barolo Riserva (Vigna Bricco) 2015'.png,154.8026922175017,158.06136547846535,138.9607389031943,2
364,Chianti Classico 2006'.png,164.93550507193208,158.4492689580275,152.12949527732397,6
365,Chianti Classico 2019'.png,138.9738500582034,115.35724944709804,105.1551377727213,7
366,Chianti Classico Gran Selezione 2013'.png,122.10782586800644,117.13490242388755,111.2399990937342,3
367,Chianti Classico Gran Selezione 2015'.png,181.2521843474132,153.54167917570294,126.9564374416438,5
368,Chianti Classico Gran Selezione 2018'.png,156.863942455517,144.99960474254428,140.473606033642,2
369,Chianti Classico Le Baroncole Riserva 2018'.png,147.95745581132007,141.2924047880623,113.97489977086086,0
370,Chianti Classico Riserva 2018'.png,160.25315940353323,146.68004490428316,142.20734458443044,2
371,Chianti Classico Riserva Il Poggiale 2018'.png,160.75250211266967,144.70846665824584,132.96738928362558,5
372,Chianti Classico Vigneto Gran Selezione San Lorenzo 2010'.png,143.7911066545535,133.2453140845493,103.91565206983036,7
373,Ciabot Tanasio Barolo 2017'.png,161.24138958184935,155.00001280081872,142.40007635542807,2
374,Cinquanta Collezione N.V.'.png,147.6592222031504,146.13383715161845,145.67205758365515,2
375,Cinque Autoctoni Collection Limited Release 2018'.png,125.41193911085466,115.50351066357142,103.99171324083582,3
376,Colledilà Chianti Classico Gran Selezione 2017'.png,136.45724605164799,141.41961674392985,137.250471766038,0
377,Collepiano Sagrantino di Montefalco 2017'.png,148.4829552507627,137.84513049070685,122.1584544761434,0
378,Collezione Pruviniano Amarone della Valpolicella Classico 2017'.png,166.7353779931236,159.46589776193406,156.2831266844713,6
379,Colline Lucchesi 2015'.png,157.4290856101484,157.52811406021334,152.91614638777344,2
380,Collio Rosso Riserva (Selezione) 2012'.png,112.48332338269388,110.34550018811237,99.24214790888308,1
381,Colombaio San Gimignano Rosso 2013'.png,111.99982589272182,120.12597970464175,122.98892226538128,3
382,Colonia Chianti Classico Gran Selezione 2017'.png,140.0668467861951,110.50121106602779,104.52503218340178,7
383,Colore Toscana 2015'.png,163.99594700760332,121.46145446451281,96.84923236414323,7
384,Colore Toscana 2019'.png,173.99722783457685,141.25122938906256,128.56692771455957,5
385,Come Se 2004'.png,156.7207465687402,154.49249978381306,134.1920816141269,5
386,Concerto Di Fonterutoli 2015'.png,159.85216384432925,149.60365626632915,143.27917027579633,2
387,Conte Gastone Amarone della Valpolicella 2017'.png,144.09570820301917,141.82773607220693,136.38967076905098,0
388,Conte Giangirolamo 2016'.png,174.72759829676986,173.23522338990654,170.05060722147817,6
389,Conteisa Barolo 2014'.png,115.70268221582747,115.74904706835906,120.096420419713,3
390,Conteisa Langhe 2015'.png,126.38948368951266,124.37633304701592,123.37579706566156,3
391,Coparossa Barbaresco 2009'.png,130.68539346375834,133.196682673795,131.3807860045528,0
392,Corpus Amarone della Valpolicella 2008'.png,133.9285000933517,117.58117763202294,101.59668436769874,7
393,Corte di Cama Sforzato di Valtellina 2017'.png,177.79654598643327,166.04411178606583,169.15661614111855,6
394,Cosimo Varvaglione Collezione Privata Negroamaro del Salento 2017'.png,148.85978321817132,146.4145862805247,144.08718033832366,2
395,Cosimo Varvaglione Collezione Privata Primitivo di Manduria 2017'.png,87.277056084795,80.9336987807079,74.8216009353395,4
396,Costa Russi (Barbaresco) Langhe 2013'.png,131.69457789669838,132.59197005131327,136.93561058316106,0
397,Costamiòle Riserva 2017'.png,164.91136551061686,161.90316733535616,148.7496189996545,6
398,Costasera Amarone della Valpolicella Classico 2016'.png,139.65894171158536,129.55522374647808,112.98999955748296,7
399,Costasera Amarone della Valpolicella Classico Riserva 2015'.png,130.62471435375465,106.63053971541174,86.9834926868311,1
400,Costemonghisio Nizza 2016'.png,171.9312578611547,142.80338661570903,137.6839696624412,5
401,Cubardi Primitivo 2018'.png,152.02349840664965,133.11959386651705,125.07189457891538,0
402,Curioso 2019'.png,146.83227348043437,134.00497992861793,137.69288546857248,0
403,Currà Barbaresco Riserva 2013'.png,141.92081519833962,142.03502602034752,130.6389739012684,0
404,Cuslanus Amarone della Valpolicella Classico 2015'.png,120.74641547637636,101.66017577489563,73.25379246316344,1
405,Cuvée Kermesse Rosso 2016'.png,133.1773641331751,122.08088328437039,108.18920815822973,3
406,Da uva Merlot vigneti Fontanazza - Pissota Langhe 2005'.png,159.4690222194237,147.21127242897785,143.63419420887126,2
407,Dagromis Barolo 2017'.png,152.8077906506541,162.363900373754,161.39328103938726,2
408,Darmagi Langhe 2016'.png,151.25725503805128,150.8281119074418,148.64854841707017,2
409,De Buris Amarone della Valpolicella Classico Riserva 2009'.png,123.20288640901315,119.86391335000387,120.37205196518394,3
410,Dedicato a Walter Bolgheri Superiore 2016'.png,118.06180132797536,104.95668219956231,108.95985045812841,1
411,Desiderio Merlot 2017'.png,155.50539447505793,143.42799713251867,132.66014797005826,5
412,Diciotto Primitivo 2018'.png,146.7682597768403,103.62171043974749,82.2141117641015,7
413,Dolcetto d'Alba 2020'.png,171.98593377751226,153.93071608464214,128.27790328985327,5
414,Don Luigi Riserva 2016'.png,137.63133816795374,136.88820675113317,139.7714469305129,0
415,Don Tommaso Gran Selezione Chianti Classico 2011'.png,106.96781630700983,103.5426217062516,104.67278613308592,1
416,Donà Noir 2010'.png,120.31842594568482,113.40009998745748,78.49261462826361,1
417,Drogone d'Altavilla Aglianico del Vulture Riserva 2013'.png,162.18536961651955,160.0420778003918,154.04314394376152,6
418,Duca Enrico Rosso 2015'.png,150.34484554066083,152.41357942633715,150.24314970160225,2
419,Duca di Montalbo 1999'.png,94.23070746581602,81.18202074230031,72.01374527266806,4
420,Duemani Cabernet Franc 2016'.png,127.02212030831106,117.87841799316544,104.51459987629282,3
421,Edizione Cinque Autoctoni 2018'.png,124.85684629811274,124.89999375027433,121.6182205147791,3
422,El Grasso Vino Nobile di Montepulciano 2016'.png,141.46392995481523,128.09774244908988,110.07374459430304,7
423,Elegia Primitivo di Manduria Riserva 2017'.png,131.66480944900994,114.8588143944316,116.54102721197393,3
424,Elena La Luna Barbera d'Alba 2019'.png,164.40238441093243,154.8092762078552,132.411283507109,5
425,Eremo San Quirico 2017'.png,122.65447948979333,104.59865515907873,93.34237603136057,1
426,Eremo San Quirico Gold 2018'.png,154.01798198752704,127.50247696673607,71.89138633084931,7
427,Eruzione 1614 Pinot Nero 2018'.png,112.45986938558227,87.49770972059329,89.37485708724283,1
428,Es Più Sole 2017'.png,101.27060254466267,96.41470417277071,91.21460638335662,1
429,Es Primitivo di Manduria 2016'.png,106.97049706717434,91.15109781974574,91.12271832116667,1
430,Etna Riserva Contrada Zottorinoto Rosso 2015'.png,117.8849486198773,105.4877936217011,105.01020358585568,1
431,Etoile du Raisin 2007'.png,164.01195556613382,136.45361202728978,114.79728083136163,5
432,F Negroamaro 2019'.png,146.06895171617472,144.50950071991574,146.96408124596496,2
433,Fabrizio Bianchi Sangioveto Grosso Toscana 2016'.png,143.1254735739615,136.5278931671042,131.0205909653784,0
434,Falletto Barbaresco Asili 2014'.png,142.13559644852438,135.4958852535195,133.26516114350056,0
435,Falletto Barbaresco Asili Riserva 2014'.png,128.07920343655005,101.44955280683047,101.54384738218496,1
436,Falletto Barbaresco Rabaja 2015'.png,143.95233172659556,140.69491648176037,136.46622932444401,0
437,Falletto Barolo 2015'.png,150.5907546857555,162.73904273943003,155.49737148801756,2
438,Falletto Barolo Le Rocche del Falletto 2012'.png,143.3036652573495,141.09838400298554,131.63338940538304,0
439,Falletto Barolo Le Rocche del Falletto Riserva 2001'.png,142.59402127004057,115.50395969784911,100.83805693035838,7
440,Famiglia Pasqua Amarone della Valpolicella Riserva 2003'.png,103.19065246897178,88.3224128156477,75.06544289572582,4
441,Fanova Riserva 2017'.png,146.76389629471336,144.55566681100706,143.6528888201268,2
442,Fanòi Negroamaro 2015'.png,107.4847942734227,110.50384608691229,118.03425350295565,3
443,Faro 2014'.png,136.61862832827453,95.15794992049202,84.12488373241372,1
444,Faset Barbaresco 2015'.png,134.82689895909803,136.74532735287715,134.54192081014955,0
445,Filo di Seta Brunello di Montalcino 2010'.png,109.0608260537557,113.60527047771578,113.26448039736482,1
446,Flaccianello della Pieve 2018'.png,124.55035332681314,124.06910289225968,128.53218172555245,3
447,Fontalloro 2017'.png,160.6815020406494,137.1727978521552,135.9937426472839,5
448,Fracastoro Riserva Amarone della Valpolicella Classico 2011'.png,106.65344280774576,137.30379941332043,134.7122277810203,3
449,Francesca Romana Maremma Toscana 2016'.png,112.12739753819548,120.45768252248806,128.7817285431337,3
450,Franchetti 2017'.png,123.30783768538669,112.94547845027797,130.73753535081767,3
451,Fratini Bolgheri Superiore 2013'.png,96.93487462569489,90.06165458182667,81.60409084277836,4
452,Fratta 2016'.png,129.88350738333207,130.4463829453673,110.29104100284029,3
453,Freccia degli Scacchi Riserva 2017'.png,183.34462086464387,175.35575268579015,166.34860083571488,6
454,Fruttaio Ca’ Rizzieri Sfursat di Valtellina 2017'.png,146.98986305616398,134.87170564698508,116.0630473164519,0
455,Fulminato Amarone della Valpolicella 2018'.png,198.68767953750933,188.06661053998926,168.965898926381,6
456,Fuochi 2018'.png,127.32801549310255,125.2449834618255,144.95650463257633,0
457,GB Giovan Battista Odoardi 2015'.png,144.76003412432175,142.59766301007517,141.87907080224102,0
458,Gagliole (Rosso) 2018'.png,168.1887320239734,161.88358198917845,148.07443336081369,6
459,Gaia Principe 2016'.png,122.65147620548484,143.57006781522963,153.0831453580457,0
460,Galatrona 2000'.png,145.50040549771674,139.06513581771674,130.53244807326644,0
461,Gallina Barbaresco 2015'.png,124.45990636619862,120.73839556082243,127.24914745669334,3
462,Gallina Barbaresco 2017'.png,150.39147608302596,142.6296589347501,124.07990783931041,0
463,Gant Merlot 2018'.png,152.49191530164853,116.80266722356737,105.92685176720397,7
464,Garblèt Sué Barolo 2012'.png,171.3870754878231,170.42178552120956,150.77650135111836,6
465,Gattera Barolo 2015'.png,169.10826798005058,147.09223631535409,119.30398545263226,5
466,Gattinara 2018'.png,137.8969226082371,126.94946241676307,130.5001930851327,0
467,Gattinara Vigneto Castelle 2012'.png,152.5794032898949,143.47647202142733,140.8447972663387,2
468,Gelso d'Oro Nero di Troia 2018'.png,85.21798543744629,75.45759563818476,66.71581521648372,4
469,Geodoro Rosso del Veronese 2015'.png,79.89961374038093,76.87958004298805,77.57821414768986,4
470,Giàrborina 2012'.png,158.69074317207017,154.3197544521544,142.879498813169,2
471,Gigino 80 Anniversario Grande 2015'.png,119.10036034090466,104.25115906629847,72.15293364329224,1
472,Giorgio Primo 2016'.png,102.33060773145309,100.04816463035012,74.81104612923696,4
473,Giramonte Toscana 2016'.png,157.67363761897548,136.53614905950732,129.73417437205973,5
474,Giunonico Primitivo di Manduria Riserva 2015'.png,135.92835748050126,119.76613265281736,99.62824777693343,7
475,Giusto di Notri Toscana 2005'.png,129.6271172098224,111.89505812259121,103.43807560019167,3
476,Gloria Primitivo di Manduria 2018'.png,171.98469008738581,168.79894244168804,165.09827693841913,6
477,Gocce Primitivo di Manduria 2017'.png,137.08387213673242,129.77552928036934,106.58504585541068,7
478,Gold Montefalco Sagrantino 2005'.png,140.14999079671296,122.69993846941573,108.62094623119135,7
479,Graf de la Tour 2015'.png,120.25734887945173,110.63736950219113,105.73840993712923,1
480,Gran Masetto Teroldego 2016'.png,156.17921756751122,149.1334301892101,125.06148887647228,5
481,Grandi Annate Sangiovese 2015'.png,172.56733708891585,154.88556569783532,118.5095530750179,5
482,Grandi Annate Vino Nobile di Montepulciano 2013'.png,167.00518322883408,152.2277132451312,121.69912033095417,5
483,Graticciaia 2013'.png,142.05136194663643,136.42036600215746,130.12397153284124,0
484,Greppicaia Bolgheri Superiore 2017'.png,117.33672911752738,106.90949443337574,94.0689109110975,1
485,Gropél 2016'.png,134.4660171050573,132.80479592672177,131.18995723015075,0
486,Grotte Alte 2015'.png,134.26079218245482,124.8885852676646,125.94807130983256,3
487,Grumello Buon Consiglio Riserva 2013'.png,153.31009181384147,142.82552265355042,133.6864942324298,5
488,Guado de' Gemoli 2017'.png,105.54841543102388,89.03858152508944,69.06806063586845,4
489,Guado de' Gemoli 2018'.png,180.0216598079242,174.84249769435348,169.91033517711628,6
490,Guardiavigna 2016'.png,153.11499724374613,148.89665639534786,146.09993318338815,2
491,Guglielmi di Jago Amarone della Valpolicella Classico 1998'.png,144.75634701110693,134.4901774968613,133.5998561699355,0
492,Guidalberto 2017'.png,160.33470159461137,152.53366738212048,143.42368817844792,2
493,Gulielmus Taurasi Riserva 2015'.png,114.16331284611533,104.9250542053708,91.2958104186605,1
494,Habemus Lazio Rosso (Etichetta Bianca) 2019'.png,151.31602691056887,147.62353470907001,147.91074335557914,2
495,Habemus Lazio Rosso (Etichetta Rossa) 2016'.png,134.7629145471962,94.86326589194721,106.4224471382892,1
496,Harimann Montepulciano d'Abruzzo 2004'.png,152.36384762630558,121.56066811163072,117.32661980252271,7
497,Harlequin 2011'.png,140.05079860706326,138.39575470596967,145.34381788306442,0
498,Harmonium Nero d'Avola 2014'.png,135.41158598527534,100.24072216894879,79.94695662134909,1
499,Hassan 2016'.png,172.08481205406403,141.7599692751409,139.03495335335015,5
500,Hatteso Amarone della Valpolicella Riserva 2011'.png,131.48358175421117,83.57030582650907,90.36237361721444,1
501,Historia Familiae Toscana 2011'.png,106.71236875015367,89.514390390353,81.29514859922917,4
502,I'Rennero 2011'.png,141.0961865475737,131.7228508984637,116.44295010828804,0
503,Il Bacca Old Vine Primitivo di Manduria 2018'.png,121.72432889483498,114.65082749329792,99.80221256391594,1
504,Il Blu 2018'.png,131.77288749037498,89.35670320777992,100.9916949505235,1
505,Il Borgo Toscana 2017'.png,107.67710467396374,103.63484670521254,114.2630136585001,1
506,Il Bosco Amarone Della Valpolicella Classico 2015'.png,141.9908588607027,134.7691210923333,127.87697212555511,0
507,Il Bricco Barbaresco 2006'.png,149.26643378190641,146.89855856316802,146.44183253927247,2
508,Il Caberlot 2003'.png,164.78874101912018,146.40360878976537,129.3224329598955,5
509,Il Caberlot 2018'.png,113.94940637456061,112.01244076104182,117.18471827299544,3
510,Il Carbonaione Alta Valle della Greve 2015'.png,143.5805315759036,133.16963164945224,114.29714476568215,7
511,Il Carlin Valpolicella Ripasso Clássico Superiore 2016'.png,128.5409471740488,121.92431321360986,124.88370493797878,3
512,Il Domenico Montefalco Sagrantino 2007'.png,162.10475684332974,150.25346447139702,162.66149192779247,6
513,Il Favot Langhe Nebbiolo 2017'.png,167.7207111474047,153.41499484264986,142.8767126584326,5
514,Il Guercio 2019'.png,167.40224150306665,165.17576539191018,163.50504451419826,6
515,Il Maschio da Monte Rosso 2019'.png,116.57578059510999,109.82234108751163,95.47027189410313,1
516,Il Pino di Biserno 2018'.png,157.98701602727226,141.83018850562632,125.36790128233287,5
517,Il Rosso dell'Abazia 2016'.png,133.6714353614075,136.55935518989003,134.94032269214088,0
518,Il Sestante Amarone della Valpolicella 2016'.png,143.1457641843501,135.15604634179374,127.28256353637822,0
519,Il Solleone 2013'.png,129.42791164862967,120.88845936582672,101.73545085556123,3
520,Ilatraia 2008'.png,119.48326652879958,118.58201430928325,117.48309849238974,3
521,Ilmerlot 2009'.png,94.98061205670696,79.65420055883222,83.74798505038792,4
522,Imperio LXXIV Primitivo di Manduria 2019'.png,113.39221365529055,103.95486253840245,92.47175357958793,1
523,Indaco 2016'.png,138.2546821733613,137.7219637011987,138.5710074551775,0
524,Iovi Tonant 2017'.png,105.01724642764204,103.18563655156264,97.5154540548705,1
525,Ipsus Chianti Classico Gran Selezione 2015'.png,149.46649834322113,128.03821974037953,124.68732321863587,0
526,Iris Rosso Toscana 2016'.png,150.54170958279528,147.90337086971516,144.7468418354745,2
527,Jarno Rosso 2014'.png,80.8602250800726,60.037155162449196,58.31963648720729,4
528,Jo Negroamaro Salento 2017'.png,101.90442676901702,107.85210816563745,112.86986174819614,1
529,Kairos 2018'.png,141.64076496267802,121.95093888963297,123.09035795086649,0
530,Kapnios Aglianico 2017'.png,141.06826682678076,139.4691566952756,136.69878951592113,0
531,Korem Isola dei Nuraghi 2017'.png,115.14316748990295,109.38069873109222,97.61372452522377,1
532,Kreda 2018'.png,131.20258780839288,124.9392709622216,113.4017300615488,3
533,Kressfeld Merlot Riserva 2015'.png,128.5318611494595,120.31779745713948,117.73726156789225,3
534,Kupra Marche 2017'.png,153.68827852676904,126.69357075071022,128.31811076152545,0
535,Kurni Marche 2018'.png,154.55607476548303,152.39758755097807,142.08006494919363,2
536,Kylyx Cabernet Sauvignon 2015'.png,157.97688707653947,150.22222383999338,132.9200369412845,5
537,L'Andrea 2015'.png,156.76211980170595,151.52803072200268,140.91844405192583,2
538,L'Apparita 1997'.png,131.3016902338569,115.77987871370668,95.90624522947266,7
539,L'Invidio Bolgheri Rosso 2020'.png,148.83404180495805,148.32299889093397,147.99052672384136,2
540,L'Urlo 2017'.png,97.49595652365045,99.50930215097932,114.40607059004452,1
541,La Casa Brunello di Montalcino 2016'.png,157.1483452335358,153.7807728697501,146.49389696294367,2
542,La Conta 2018'.png,159.40210789070514,132.89300959794687,129.71770889126898,5
543,La Ghirlanda Chianti Classico 2019'.png,147.29049568311282,133.3945824406146,120.39454244193286,0
544,La Gioia Toscana 2017'.png,157.6537190235334,144.3822135071899,129.70559220945913,5
545,La Grazia 2018'.png,124.32691800122184,108.016239225905,98.79612645835161,1
546,La Mannella Brunello di Montalcino 2015'.png,139.6632929260459,136.89377396285866,127.30091371920649,0
547,La Marega Amarone della Valpolicella Classico 2015'.png,147.13996751557963,148.79967785433763,131.98558380362533,0
548,La Marescialla 2017'.png,131.40219653758442,114.36306136126983,112.61405547353348,3
549,La Mattonara Amarone della Valpolicella Classico Riserva 2008'.png,119.56513466964954,117.86454762693312,107.76186267701134,3
550,La Pantalera Barbera d'Alba Superiore 2019'.png,147.23887297275036,146.8163467824332,157.90856556680222,2
551,La Pevera Toscana 2016'.png,163.90924947510456,145.88895537903923,134.6343077577065,5
552,La Pira Barolo Vecchie Viti 2015'.png,137.94735914682212,135.93636297590305,132.71422025174286,0
553,La Poja (Monovitigno Corvina Veronese) 2007'.png,119.93282240389317,104.13602173898352,103.89529480907481,1
554,La Regola Rosso 2016'.png,151.14719484596438,131.04859149694565,125.43950967791326,0
555,La Ricolma 2018'.png,96.98772627306533,94.11359650772596,85.87675739289101,4
556,La Serra Barolo 1999'.png,139.54927445171472,125.39024124079671,120.5144321085931,3
557,La Serra Barolo 2010'.png,160.57699745465968,131.89537686457024,78.25655020126041,7
558,La Signora Primitivo 2016'.png,144.35210636580575,130.52359236270394,127.54032575572931,0
559,La Volta Barolo 2017'.png,146.74892503865232,132.20212176814712,114.62342692486558,7
560,Lafóa Cabernet Sauvignon 2018'.png,123.18226671616874,100.483020953791,88.43839663856419,1
561,Lagrein Riserva Porphyr 2014'.png,114.15802991463813,106.23213305973198,85.16900643222486,1
562,Lagrein Riserva Porphyr 2017'.png,127.05909017734314,109.18062598698127,87.08393405357806,1
563,Lagrein Riserva Vigna Castel Ringberg 2016'.png,97.33182285274123,85.67194947489679,72.406794587518,4
564,Lama del Tenente 2017'.png,120.01729372740743,107.50328529494506,96.88089971794611,1
565,Lamaione Toscana 2012'.png,143.20658331959768,136.04350042577252,133.60578607558318,0
566,Lapina Gran Selezione Chianti Classico 2017'.png,139.02596384662033,124.7608238105806,117.21707258442841,3
567,Làsasa Reserve Valtellina Superiore Nebbiolo 2016'.png,161.15069345181234,150.21678334993064,143.01033529084532,2
568,Le Armi Sangiovese Superiore Riserva 2016'.png,163.5585491498381,123.9361327458623,46.860804517208194,7
569,Le Bolle Gran Selezione Chianti Classico 2016'.png,146.12895223989983,141.3289193824649,139.48279391809152,0
570,Le Braci 2014'.png,165.76966065042438,148.0002517220965,146.20072154538826,2
571,Le Fron 2016'.png,171.40747066566266,167.81081907910468,158.77936893689935,6
572,Le Lucciole 2018'.png,165.0452189637399,160.48895656487667,151.54119264321858,6
573,Le Lucére Brunello di Montalcino 2015'.png,118.16651998887414,102.61731846811618,79.03344307296085,1
574,Le Lucére Brunello di Montalcino Riserva 2010'.png,151.42013076206214,123.82339035901093,105.1830975014522,7
575,Le Origini Amarone della Valpolicella Classico Riserva 2015'.png,160.51164517035554,155.52472850473197,149.78290171798255,2
576,Le Pergole Torte 2015'.png,180.44022420126817,169.49446170603807,159.49861392230736,6
577,Le Serre Nuove 2019'.png,140.5999938396746,115.42540284550556,112.83141908997807,7
578,Le Stanze Toscana 2017'.png,128.11728816085557,123.43938039544378,112.08225028986314,3
579,Leonardo da Vinci Brunello di Montalcino 2016'.png,146.2197513548512,140.0361577957496,131.12857034523145,0
580,Li Filitti Riserva Primitivo di Manduria 2017'.png,96.00394248212703,105.30600449012064,122.22730441363382,1
581,Liala Negroamaro 2020'.png,122.27295649213715,103.87720783839156,102.07359973492582,1
582,Libero Pensiero Riserva 2008'.png,129.72673587198594,128.54027384442588,111.7269260294939,3
583,Lilium Est Amarone Della Valpolicella Riserva 2008'.png,141.89857604061058,133.85336263641506,113.51885046883054,7
584,Lilium Est Amarone Della Valpolicella Riserva 2010'.png,151.05224888429868,117.6620500615698,114.93003776318406,7
585,Limited Edition 10 Vendemmie N.V.'.png,104.31181581217339,94.60331328894301,79.30200109107702,4
586,Livernano Toscana Rosso 2001'.png,121.12538242547075,115.21792087752054,121.13089165603391,3
587,Loam 2019'.png,136.7191152175271,135.55573551022795,131.48878737298963,0
588,Lodovico 2016'.png,130.92624847479036,118.80591415453709,105.71014577908272,3
589,Lorens Barolo 2016'.png,133.5164916529306,125.06689548580269,96.36607940474968,7
590,Lu Ceppu Negroamaro 2020'.png,176.98226837781831,78.5160289267037,72.78844759140559,7
591,Lu Nieddu Colli del Limbara 2018'.png,121.31971591372836,89.58266049423008,75.63092446012992,1
592,Lu Patri Nero d'Avola 2018'.png,139.85689550219607,140.8094918964275,137.52256281989818,0
593,Luce 2015'.png,129.57827703931738,110.08462879988272,88.4131013709162,1
594,Luce 2019'.png,125.52647195428669,97.7502578166718,77.14018972602895,1
595,Luce Brunello di Montalcino 2012'.png,98.68032389544874,98.58733412864396,98.5326935570359,1
596,Luce Brunello di Montalcino 2016'.png,131.21220434959974,120.64308940043072,103.56673342870465,3
597,Ludi 2016'.png,146.36751762754676,126.44876449886746,106.0588744447387,7
598,Luna Nuova Cabernet - Franc 2016'.png,164.97686666276743,150.66942257936216,157.07802512157969,6
599,Lupi e Sirene Riserva 2015'.png,195.91215518445915,146.62494504620938,130.47530004398774,5
600,Lupicaia 2006'.png,124.33421076977139,126.92622317327597,119.65464416798766,3
601,Lupicaia 2007'.png,178.23511163651318,137.66559214649163,136.25741938459498,5
602,Lusira Syrah 2017'.png,107.24812055486008,108.3024575471719,104.36930674884766,1
603,Lux Vitis 2017'.png,106.25411170858321,95.7146323017196,74.4936426069005,4
604,L’Arringatore 2016'.png,154.8843697730665,135.18434820643995,115.70220395480806,5
605,MNRL Vigna di Mandranova 2016'.png,157.9799649408404,145.72284450407412,135.5406761839353,5
606,Madonna delle Grazie Brunello di Montalcino 2016'.png,155.0803631293791,140.57160637276158,115.16745421394647,5
607,Maggiarino Vino Nobile di Montepulciano 2015'.png,123.17912160751918,118.35321710878839,127.75053815933614,3
608,Malanotte del Piave 2015'.png,129.30808933401312,128.36739665736843,119.80876155049052,3
609,Malcompare Pinot Noir 2016'.png,132.59604820657364,139.42318315115315,136.16550223900325,0
610,Mantènghja 2015'.png,123.30071747209689,132.7206823654816,123.70360818167494,3
611,Manus Lagrein 2018'.png,133.7978683134279,117.4265223120079,116.74252944757615,3
612,Maremma Toscana 2016'.png,171.34995279868235,140.9135495915777,139.98208524566036,5
613,Maria Adelaide Barbaresco 2007'.png,102.60598279300302,106.41443880829915,108.81908960423756,1
614,Marianova Bolgheri Superiore 2016'.png,122.35646000839156,125.7513616573502,123.91844492138988,3
615,Marina Cvetic Montepulciano d'Abruzzo Riserva 2017'.png,123.0667417497562,113.259452397194,104.98774632056046,3
616,Marne 180 Amarone della Valpolicella 2018'.png,164.55855792799647,157.86301009991513,143.37240170137437,2
617,Marrano 2013'.png,165.8583852817034,132.83921836757372,105.22417490352197,7
618,Mascarin Syrah 2016'.png,175.23596954291384,132.05090517842564,127.9619802842563,5
619,Mason di Mason 2018'.png,159.48307427558623,137.59253570725753,126.48991279630043,5
620,Masserie Primitivo 2019'.png,119.76622485743128,95.2853629643972,91.751490278793,1
621,Massetino 2018'.png,127.1267302088622,111.74851777673135,104.01668306445474,3
622,Mater Matuta Lazio Rosso 2017'.png,158.77033727998437,133.37068643446355,97.30543664153612,7
623,Maurizio Zanella Sebino 2017'.png,142.1192071734818,138.87677248736713,131.16510860089932,0
624,Mazzano Amarone Della Valpolicella Classico 2012'.png,130.09778528068708,119.97544929582443,107.35820011778384,3
625,Medeo Montefalco Sagrantino 2015'.png,137.7250304047888,122.19216014131185,110.16787190465286,7
626,Merlot 2006'.png,78.12986624844561,90.71264520451379,131.71329469723244,1
627,Messorio 2016'.png,160.76805652865247,168.93988279858607,169.1521563563409,6
628,Metamorfosis 2012'.png,108.87017440985873,58.135421841827835,55.8914976014441,4
629,Mille E Una Notte 2016'.png,118.92805536517099,113.68215063302164,114.63560340761263,3
630,Millecento Brunello di Montalcino Riserva 2015'.png,152.4851924141469,154.21139551420242,156.40870309363694,2
631,Millepassi Bolgheri Superiore 2017'.png,145.68953897609902,144.23018193681276,143.41682447386944,2
632,Mirea Primitivo di Manduria 2020'.png,175.40883418263672,151.24593212316708,139.0810354180449,5
633,Mocenni Numero 89 Gran Selezione Chianti Classico 2015'.png,157.61838998906535,148.08689817726855,129.32733966301836,5
634,Mocenni Numero 89 Gran Selezione Chianti Classico 2016'.png,154.96231444334393,144.35839586491986,138.76552193805261,2
635,Modus Primo 2018'.png,126.70215862407396,107.36105439124562,90.80809435287144,1
636,Molin Vecchio 2010'.png,162.3845239133255,153.6415484490965,129.59024325751142,5
637,Mon Birone Barbera d'Alba 2016'.png,145.62146738961903,138.08566536897362,140.19554970419975,0
638,Monserra Barolo 2013'.png,142.33735657557745,142.52993151095743,144.51123823325472,0
639,Monte Ca' Bianca Amarone della Valpolicella Classico 2016'.png,125.326256956517,111.37867316206172,113.91885719272462,3
640,Monte de Sassi Chianti Classico 2016'.png,142.0713341951852,134.30815314045532,120.51170897468843,0
641,Montefalco Sagrantino 2017'.png,158.9115908320957,131.90244844396108,121.86684355908754,5
642,Montepetroso Primitivo di Manduria 2017'.png,62.3678923806152,43.16137161861286,32.04655987777783,4
643,Montepulciano d'Abruzzo 2012'.png,150.6764613335474,127.58909044271772,90.69456433546611,7
644,Montepulciano d'Abruzzo 2018'.png,139.31904132454596,128.05770414368354,114.45548940578652,3
645,Montestefano Barbaresco 2016'.png,171.85408767608757,163.77950265584542,166.5432641193555,6
646,Montiano 2018'.png,151.06414857313757,135.5323425349679,133.1525262174745,0
647,Morandina Amarone della Valpolicella 2015'.png,150.87781811783998,130.87124970748923,114.79717766565518,7
648,Morar Amarone della Valpolicella Classico 2009'.png,139.61651640670348,121.6348446501695,104.44981464573098,7
649,Mormoreto Toscana 2016'.png,134.6378350002176,94.66112762726493,95.14547469313332,1
650,Morópio Amarone della Valpolicella Classico 2018'.png,155.3093040344934,155.80405519259705,149.77338973626914,2
651,Mosconi Barolo 2016'.png,139.31013947530855,130.68773264758605,110.31973931210028,7
652,Muro Sant’Angelo Barbatto Primitivo Gioia del Colle 2017'.png,126.61899923685203,120.48823727891717,115.16196518732411,3
653,Mysterium Barbera d'Asti Superiore 2017'.png,142.606823547995,134.27808488965223,104.68828365530632,7
654,Nagòtt Vin Rouge 2016'.png,91.19824559716048,79.0580546181096,66.37134170709524,4
655,Neostòs Rosso 2018'.png,114.61039940072476,124.33318971011748,127.56979104514355,3
656,Nepomuceno Rosso 2013'.png,142.26354767138147,139.5641719882535,133.30274023199854,0
657,Nerìo Riserva Negroamaro - Malvasia Nera 2018'.png,97.37034356346913,76.66059061764496,71.0631811031706,4
658,Nero di Velluto Negroamaro 2015'.png,155.455718180325,131.7856318264837,124.02447688316097,5
659,NeroBufaleffj 2016'.png,156.16807773657524,134.33928430316507,126.58796076651058,5
660,Nigredo Primitivo Puglia 2017'.png,99.2301506953282,95.53094933424326,92.90126337592027,1
661,Nino Rosso 2012'.png,160.21546656454777,150.06636708441545,147.75982475614205,2
662,Nizza 'Bric del Marchese' 2017'.png,165.73735923652228,140.95181480533088,141.74306655459222,5
663,Nussleiten 2017'.png,123.76100239690092,107.54925043830511,97.06948092466615,1
664,Old Vines Primitivo 2016'.png,142.6982556195511,137.74464866300295,139.07068311459747,0
665,Ombrone 2017'.png,150.0172344596468,122.37137724261326,123.14254870509747,0
666,Opera Omnia Bolgheri Superiore 2016'.png,162.60339811752115,160.75858119730788,148.51919869482322,6
667,Oreno Toscana 2017'.png,174.19549691724256,161.789278850572,150.30664308846013,6
668,Origini Brunello di Montalcino 2015'.png,69.44741895851854,55.30743168869804,48.97818902327851,4
669,Orizzonte 2015'.png,127.14610701913166,126.23537332266122,126.78853786258966,3
670,Ornato Barolo 2017'.png,148.31740359389838,141.5806353468612,140.08092898987596,0
671,Ovello Barbaresco 2018'.png,110.05120497539058,103.57003412427717,113.4736085727412,1
672,Pa' Riondo Valpolicella Ripasso Classico Superiore 2018'.png,146.4555209196401,93.44907389463367,108.50578732193478,7
673,Pajè Barbaresco 2015'.png,146.06658800964743,146.50904550551738,145.09646240515178,2
674,Pajè Barbaresco Vecchie Viti 2015'.png,136.97258805521093,121.6525216852847,114.99082871368094,3
675,Palazzi Rosso Toscana 2011'.png,135.66090602279235,112.36960822996109,97.22334825874037,7
676,Palazzi Rosso Toscana 2015'.png,144.31172686169313,103.90036705666542,117.57318955425502,7
677,Palazzo Contucci Vino Nobile di Montepulciano 2016'.png,142.65798947407157,137.8314543343484,132.4639203559914,0
678,Paleo 2018'.png,146.04462244818103,125.95593207704361,97.66260352347835,7
679,Papale Linea Oro Primitivo di Manduria 2019'.png,110.73646742329875,102.95390196031306,84.8327813437343,1
680,Patriglione 2013'.png,142.19639903872948,141.97717713932715,130.51893528764035,0
681,Paverno Amarone della Valpolicella Classico 2016'.png,173.95530695813116,161.26996000495566,147.9258299997075,6
682,Pàtrimo 2006'.png,103.45550324783778,105.1518987498542,113.32231246342272,1
683,Pegrandi Amarone della Valpolicella Classico 2013'.png,133.9858617742129,123.43451576149558,111.86636521018569,3
684,Pelagrilli Brunello di Montalcino 2015'.png,123.47566102838552,101.6028825820796,87.33953475937346,1
685,Per Sempre Syrah Toscana 2012'.png,123.36771711229,110.71982874845702,102.1251283116419,1
686,Percarlo 2016'.png,136.60133010734842,132.7417909496332,130.62213108440795,0
687,Permassimo 2016'.png,156.6246964771479,143.2270641423401,141.84240270976,2
688,Perpiero 2016'.png,156.69921591627286,139.62271296706916,122.9544888327005,5
689,Petraro 2017'.png,154.38670269247274,135.97468543580118,114.8545318742952,5
690,Petrucci Anfiteatro 2016'.png,157.96270114578007,155.1408765889411,153.71979606067197,2
691,Petrucci Melo 2016'.png,145.51079738927535,147.39441551663413,144.89995196145296,2
692,Petruccino 2018'.png,156.5203943844626,133.24239352800168,127.18314031782027,5
693,Pettinociarelle Rosso 2018'.png,150.49679260695305,144.52041446670592,147.357166053612,2
694,Pezzo Morgana Riserva Salice Salentino 2019'.png,173.0479124404568,145.9986027330399,137.19421270593014,5
695,Phenomena Brunello di Montalcino Riserva 2006'.png,150.84175193554378,146.38801993657944,133.04638766175228,5
696,Phi 20 Anni 2014'.png,151.2657393021952,125.25771005062126,92.26219020211198,7
697,Piaggione Brunello di Montalcino 2016'.png,148.9281311079076,140.9009943047899,134.76304549605783,0
698,Piaggione Brunello di Montalcino Riserva 2013'.png,168.13655517397385,155.5166704331362,141.13974237425245,5
699,Pian delle Vigne Brunello di Montalcino 2012'.png,98.12521516531655,77.11486548869058,74.09721110956117,4
700,Pian delle Vigne Vignaferrovia Brunello di Montalcino Riserva 2015'.png,157.62080214577105,153.3024807444734,134.2612091750876,5
701,Piano Montevergine Taurasi 2001'.png,144.21774487388137,136.2669823405159,133.4365820476957,0
702,Pietro Dal Cero Amarone della Valpolicella 2015'.png,118.47840872215212,106.4091069374031,90.32878940890568,1
703,Pietro Junior Amarone della Valpolicella 2018'.png,156.41388685151966,152.92254248474944,149.9709838602121,2
704,Pieve Santa Restituta Brunello di Montalcino 2013'.png,131.57041728123124,118.21088879307614,92.1384720066239,7
705,Pieve Santa Restituta Rennina Brunello di Montalcino 2015'.png,119.12823286265478,118.202215347599,114.77997664215951,3
706,Pieve Santa Restituta Sugarille Brunello di Montalcino 2013'.png,146.31104071436522,149.50241543942434,150.54117983261864,2
707,Piè del Monaco Primitivo 2017'.png,150.37868189168196,102.23685237594043,93.97662310945691,7
708,Pignolo 2011'.png,128.28774306191656,118.68517731688753,120.44267618669038,3
709,Pilarocca Cesanese del Piglio Riserva 2015'.png,159.7968272526085,151.3383824414679,139.60886791318092,2
710,Pinéro 2015'.png,133.3994213723956,131.37123584112962,145.5877990386408,0
711,Pinot Nero 2016'.png,160.89459465201216,153.49706518239313,141.66501498460457,2
712,Pira Barolo 2015'.png,134.92196818902397,134.7056203974677,132.15473884806403,0
713,Podernovi Brunello di Montalcino 2016'.png,123.81373619207713,123.00704909469265,123.19032893395952,3
714,Poggetto di Sopra Nobile di Montepulciano 2016'.png,128.09508187280258,52.1510690206826,31.93812768463424,4
715,Poggiarelli Brunello di Montalcino 2016'.png,154.74410798419206,154.77299090881277,140.21054162913623,2
716,Poggio Ai Chiari 2006'.png,121.7024497473646,114.20646937480741,114.74806162658619,3
717,Poggio Al Vento Brunello di Montalcino Riserva 2001'.png,172.87515934087082,148.32139110647847,88.4824019687945,7
718,Poggio Alle Nane Maremma Toscana 2019'.png,143.40938602476479,130.22260940405087,119.05709554663258,0
719,Poggio Rosso Gran Selezione Chianti Classico 2016'.png,163.20306076732967,143.32394422443102,138.4359561104813,5
720,Poggio all'Oro Brunello di Montalcino Riserva 1990'.png,146.1760055658062,125.68916370561097,109.45420148273077,7
721,Poggio delle Rosé Riserva Chianti Classico 2010'.png,146.82871188878772,119.62996850739101,102.60227185825951,7
722,Poliphemo Taurasi 2014'.png,151.21210006593125,119.13875797066902,119.157991692236,7
723,Pomona Brunello di Montalcino 2011'.png,180.80037004808318,160.54029558941428,144.85084008391485,6
724,Pomorosso Barbera d'Asti 2009'.png,151.0085549678209,138.12696023172717,115.02665174751849,0
725,Pomorosso Nizza 2018'.png,152.73192467957224,136.62554217828452,114.59422644572403,5
726,Poppóne 2018'.png,130.21194337551552,87.88356922161523,73.61259558831635,1
727,Pònkler 2016'.png,134.92911215198316,118.29956785678485,102.62606980724553,7
728,Praepositus Pinot Nero Riserva 2018'.png,151.49952231990005,145.17790287017297,126.30174010937407,5
729,Predappio Massera 2011'.png,132.3740657403572,122.99439236550455,113.86655736156905,3
730,Predappio Raggio Brusa 2013'.png,126.17857086697308,107.6551667159311,99.25884071616724,1
731,Primitivo - Negroamaro 2020'.png,104.34607018093554,100.13083960184335,101.04415500088325,1
732,Primitivo 2018'.png,123.3532313522405,118.55097910042451,116.70559905331748,3
733,Primitivo 2020'.png,174.08290966591466,166.44375052357302,157.97935913164918,6
734,Primitivo Salento 2019'.png,99.02164265596544,100.24166716857164,123.39400971138373,1
735,Primitivo di Manduria 2016'.png,150.0013492002814,118.5643285309709,103.38019290809186,7
736,Primitivo di Manduria Riserva 2017'.png,104.52122248813023,86.5713053447325,72.49422889541275,4
737,Primitivo di Manduria Riserva 2019'.png,122.82742535449472,117.38917471645908,108.99008408083553,3
738,Pugnitello 2018'.png,148.1439368190955,147.73959457395992,150.67711669638146,2
739,Punta di Villa Amarone della Valpolicella Classico 2014'.png,131.99008254321149,133.2319480023614,131.0090307640366,0
740,Puro Puglia Primitivo 2020'.png,148.93079936668573,147.2555092347991,142.4763804986637,2
741,Quaranta Cinque Montepulciano d'Abruzzo 2019'.png,134.6749761698483,134.3652921927078,147.4555892248605,0
742,Quarto Vecchio Amarone della Valpolicella Classico 2015'.png,162.75726974164607,160.68652122305343,151.02903942946915,6
743,Quorum Barbera d'Asti 2001'.png,127.0873028263742,117.19013515555726,108.14259765962453,3
744,Ravera 2015'.png,158.55481866562226,153.17302603139515,154.3406887141919,2
745,Re Diale Rosso 2017'.png,119.65163974479005,121.5441080956455,127.67460301610163,3
746,Re Ludio Rosso 2017'.png,159.37224960520294,146.2307977655167,138.77991404318087,5
747,Recioto della Valpolicella 2017'.png,143.31558090879474,127.78918224487639,123.07035489086893,0
748,Redigaffi Toscana 2000'.png,150.220562478325,128.30401766358136,119.63224280179053,0
749,Regina del Bosco 2016'.png,186.5144923871744,178.2338113209043,169.24980938160166,6
750,Resa 56 Barolo 2014'.png,152.67019675227368,153.526998831081,146.11711945704786,2
751,Ripa della Volta Amarone della Valpolicella 2015'.png,108.49160599525003,105.89124774600755,99.83842104851378,1
752,Ripassa Valpolicella Ripasso Superiore 2016'.png,119.72721318768446,105.44855810476739,92.77434818566445,1
753,Ripe al Convento Brunello di Montalcino Riserva 2000'.png,123.68227664283818,107.34453505581551,94.83599042222883,1
754,Riserva Barolo 2013'.png,152.42729733108803,150.1299706826255,138.52509674838635,2
755,Riserva Brunello di Montalcino 2004'.png,140.85187626022275,139.50627226042562,138.32972554990232,0
756,Riserva Cannonau di Sardegna 2010'.png,99.21128725136214,65.24451999638156,65.92779304346786,4
757,Riserva Colle Maggio Montepulciano d'Abruzzo 2016'.png,113.35762961192802,103.76855183820197,83.11536167648882,1
758,Riserva Puro Sangue 2014'.png,126.55463884387338,115.43778871979544,107.12686555006006,3
759,Riserva Vigna Fontelontano Brunello di Montalcino 2013'.png,181.60431997135439,152.1813831817045,129.86224090513466,5
760,Riserva Vigna le Macchiarelle Brunello di Montalcino 2007'.png,126.44350704685591,115.85613608598685,103.80317343043636,3
761,Roboris Taurasi 2015'.png,158.80891218138638,143.88241386496074,149.23110121093208,2
762,Rocche dell'Annunziata Barolo Riserva 2013'.png,122.58838869761793,93.65821725870642,88.61925040024867,1
763,Rocche dell'Annunziata Torriglione Barolo 2001'.png,120.29807783320717,109.51895182897158,117.00242220406992,3
764,Rocche di Castiglione Barolo 2016'.png,132.98989068204412,126.03097669467682,124.3779799231511,3
765,Rocche di Castiglione Barolo 2017'.png,138.4306443930917,130.91678549525056,107.55738259729596,7
766,Roero Valmaggiore Riserva 2017'.png,145.89585597443758,143.11130580706185,145.47642868983218,2
767,Roggio del Filare Rosso Piceno Superiore 2018'.png,172.58298112935142,134.7391565811718,117.8731313693423,5
768,Romitorio di Santedame Toscana 2007'.png,155.04214042034653,150.0264194420844,149.3525619301592,2
769,Ronchedone Rosso 2019'.png,132.49825433406585,121.50559755097899,133.27880610764907,0
770,Roncicone Chianti Classico Gran Selezione 2017'.png,150.80412614431805,142.35534350596467,128.9037597701034,0
771,Rose delle Casasse Barbaresco Riserva 2015'.png,161.15042760557702,158.92157644674137,136.76536795920182,5
772,Rosone 2019'.png,128.6169763791049,93.20442326482704,66.89803266310264,1
773,Rossini Conero Riserva 2016'.png,59.209357368578154,53.83595452854904,47.18577116038266,4
774,Rosso 17° 2019'.png,168.394429836619,168.64115749128385,168.38340773366002,6
775,Rosso 2013'.png,116.63606881672413,115.854709552483,112.57086656857537,3
776,Rosso 2015'.png,138.3979768638256,125.52970767862651,117.77202134572417,3
777,Rosso 2017'.png,131.31628943693903,92.47598190295501,79.01812104710704,1
778,Rosso Toscana 2016'.png,147.81156725448093,144.43512826231236,133.98416817734747,0
779,Rosso di Montalcino 2017'.png,168.40583013081002,159.27211400371567,132.71845755725897,5
780,Rosso di Montalcino 2018'.png,178.2827587387296,174.207627901443,168.4179773045772,6
781,Rosso di Montalcino 2019'.png,169.6124417375001,165.55012273403756,156.2729638027201,6
782,Ròche d'Ampsèj Roero Riserva 2004'.png,121.19245123447448,93.68669516208638,91.72955370883501,1
783,Rubatsch Lagrein 2019'.png,166.19901977216455,132.83716572716085,125.4197519261952,5
784,Rubesco Vigna Monticchio Torgiano Rosso Riserva 2016'.png,149.96706145654903,131.63430267766174,132.18708823035902,0
785,Rujno Rosso 1999'.png,111.546370366478,112.40639474978798,118.62335351860527,3
786,S.to Ippolito 2019'.png,156.44981192316484,143.24239917229437,131.69889599517987,5
787,Saffredi 2019'.png,142.9809193811769,139.3199597369392,132.359969089309,0
788,Sagrantino di Montefalco 2016'.png,155.83673621265834,145.37907794872302,134.21166523196615,5
789,Sammarco 2016'.png,160.10129482041862,149.5827397521052,132.77781596599038,5
790,San Giovanni Barolo 2016'.png,147.72963142172935,120.46049974991803,94.91629997002622,7
791,San Leonardo 2016'.png,157.71352369266103,139.755583129523,131.1191146333067,5
792,San Placido Faro 2012'.png,100.6610364976176,95.71608626537378,95.14222762927548,1
793,San Stunet S. Stefanetto Barbaresco 2016'.png,164.59169921651696,145.5684193287897,139.77156433294445,5
794,Sandro Fay Ronco del Picchio Sforzato di Valtellina 2018'.png,170.18238080084183,166.36987677291793,158.91278584265493,6
795,Sansì Antologia 2017'.png,99.38464167063239,82.06086765322434,68.03646081330216,4
796,Sant'Uberto Bolgheri Superiore 2017'.png,182.64262336281874,169.5545514034918,157.79987066004796,6
797,Santa.Ne 2008'.png,142.7302670559341,114.12969207955145,96.6935454530625,7
798,Santufili Primitivo 2017'.png,128.26131414375246,141.78655595993715,133.8855964664477,0
799,Sapaio Bolgheri Superiore 2017'.png,159.98339447560335,136.59883624501367,128.3554866469718,5
800,Sarmassa Barolo 2013'.png,134.49512547118653,133.36036800752328,134.18608766354646,0
801,Sarmassa Barolo 2016'.png,152.39955546499752,151.6812108447192,139.578190080847,2
802,Sassella Rocce Rosse Riserva 2013'.png,145.03506228267213,116.87126978341341,106.86592895611558,7
803,Sassella Vigna Regina Riserva 2013'.png,180.99621806098864,140.98028399811966,64.28520281983484,7
804,Sassicaia 1987'.png,156.91161493643733,148.88159527545608,144.02506590119353,2
805,Sassoalloro Oro 2019'.png,158.5935319189716,111.84282155358801,100.00611535086102,7
806,Sassontino 2006'.png,127.65221502191021,120.63989389915758,121.88386275467315,3
807,Scaia Paradiso 2018'.png,119.53660527219267,98.41360726666865,87.38282403600799,1
808,Schidione 2011'.png,159.22217798028112,101.69635696330445,95.45049019481971,7
809,Schioppettino 2011'.png,129.53982962902745,120.74885388394257,122.35331353638664,3
810,Schioppettino 2015'.png,160.26129849238836,125.51056204866087,121.077883013128,5
811,Scipio 2016'.png,135.53907800581598,136.95326149213582,139.42420282480848,0
812,Scrio 2017'.png,144.68090230594876,142.1593812681375,144.5378376340829,2
813,Seifile 2007'.png,168.74273516787844,147.72540223808215,149.35377265778934,2
814,Semel Pater 2019'.png,147.22080208628512,128.9143645441685,119.89389994530367,0
815,Serego Alighieri Vaio Armaron Amarone della Valpolicella Classico 2013'.png,133.59640713731787,124.1309152748989,124.30891500293271,3
816,Sergio Zingarelli Chianti Classico Gran Selezione 2015'.png,146.14910423761094,137.96186787459678,136.89777207829206,0
817,Serpico 2005'.png,134.29368126864816,118.6160399787442,97.97792254775005,7
818,Serradenari Barolo 2017'.png,143.56995512923405,140.12060022957243,133.05888915885976,0
819,Settebraccia 2018'.png,153.48063247672178,150.3172554057826,145.64733246628808,2
820,Sezzana 2006'.png,158.01048933863808,153.68116474833985,138.1405975851966,2
821,Sforzato 2015'.png,121.09111977571911,121.72561966247466,151.87518278588198,0
822,Sfursat 2017'.png,158.3514259142267,144.37546641879194,138.34532572442617,5
823,Shardana 2013'.png,96.59427230066774,106.25018218607862,106.7791621697989,1
824,Siepi 2018'.png,84.60464427756513,69.16029087079762,70.27404689262364,4
825,Simison Amarone della Valpolicella Classico 2016'.png,103.18382279966976,85.65937133201311,77.66421063613474,4
826,Sister Moon 2016'.png,112.57986412521386,112.85303031648243,105.94830982530448,1
827,Solare Toscana 2015'.png,160.76936275298226,149.61132310089366,136.06280902583188,5
828,Solaria Jonica 1959'.png,159.4000238046808,111.83160689355785,74.73267245332399,7
829,Solengo 2018'.png,127.61094696326235,117.25720018837195,115.08126351042284,3
830,Solèr 2019'.png,140.42882217821474,139.36182121770207,135.29560835202398,0
831,Solo 2015'.png,143.7735464865589,138.43838792400038,134.90902940551993,0
832,Somnio Brunello di Montalcino 2015'.png,160.05835712623823,151.9705957857344,149.88858120904175,2
833,Son Montenidoli Rosso 2015'.png,165.9777786809819,162.01023875149824,152.66931792249756,6
834,Sonetto Primitivo di Manduria Riserva 2014'.png,149.38733005233507,149.79823896392847,146.3947736501072,2
835,Sor Ugo Bolgheri Superiore 2018'.png,142.07123565310468,133.19046512419723,136.80429817809087,0
836,Sorgente Brunello di Montalcino 2015'.png,171.2575141424012,169.22461945883026,167.34150233506293,6
837,Sorì San Lorenzo 2009'.png,134.36746853606536,132.94645122484704,132.7801386405034,0
838,Sorì San Lorenzo 2013'.png,120.60118915415728,122.1626063120478,127.3725164095769,3
839,Sorì Tildìn (Barbaresco) Langhe 2005'.png,120.57252641868348,121.30088524781986,125.26942392870086,3
840,Sotirio 2011'.png,141.23118976577234,140.66050473875384,147.03464463177275,0
841,Sòdole 2015'.png,171.21659807620907,161.10647502908222,154.12296677941575,6
842,Sperss Barolo 2001'.png,151.02425888463597,144.29253149650293,137.10499453907232,2
843,Sperss Barolo 2013'.png,134.62196064965264,133.47889143168416,134.44171338237533,0
844,Staffes Lagrein 2018'.png,145.4352611252561,141.1598637816612,139.71507997144965,0
845,Stèfen 1624 2016'.png,132.43884482676378,130.530662942674,122.61004127811972,3
846,Stilio Primitivo di Manduria 2020'.png,113.78934980494553,103.00655710415533,105.6090439370148,1
847,Storico 2012'.png,136.38894804081204,125.32452388467243,109.49101652839808,3
848,Strada al Sasso Chianti Classico Gran Selezione 2018'.png,166.42224390178774,160.3774374685529,149.14050353917398,6
849,Stropa Amarone della Valpolicella 2012'.png,149.92705378780002,148.2652590613675,140.47947103180778,2
850,Suadens Campania Rosso 2020'.png,115.45552970231861,96.39855713744795,88.68385674000083,1
851,Suisassi Syrah 2017'.png,108.55944427444565,105.32859880151352,109.77742187235577,1
852,SummuS 2017'.png,130.79478842768123,118.89690621837221,111.03248821284326,3
853,Symbol Primitivo 2016'.png,160.52215933123887,137.1174015877701,134.99959010331565,5
854,Syrah 2015'.png,148.72217247263515,131.09737502761234,127.14754430863152,0
855,Syrah Toscana 2006'.png,137.7667634168786,118.88229472886196,117.89563982507487,3
856,Syrah Toscana Collezione Privata 2018'.png,120.39263455121856,112.06568222017883,98.84965847224602,1
857,Taffe Tà 2012'.png,141.39715343669405,104.23974290068064,70.16905300771843,7
858,Taurasi Radici 2015'.png,131.82136782734813,110.25167817172915,103.44001789243514,3
859,Tecnica del Salasso Tre di Tre 2019'.png,119.58991596284362,109.3572311280786,105.25772180700093,1
860,Tenuta Guado al Tasso Bolgheri Superiore 1999'.png,143.63693118414915,133.8162023074934,131.02770699359735,0
861,Tenuta Guado al Tasso Cont'Ugo Bolgheri 2019'.png,152.04588392874084,141.7929684492124,132.071298429494,5
862,Tenuta Guado al Tasso Il Bruciato Bolgheri 2020'.png,141.43581652494686,124.32965352279415,109.6679480227902,7
863,Tenuta Guado al Tasso Matarocchio 2011'.png,160.37933702953055,147.80678346441084,131.58838842486813,5
864,Tenuta Montebello Picconero 2010'.png,170.6825578811542,164.3482118187888,160.86510370480653,6
865,Tenuta Montebello Picconero 2015'.png,133.85515149230406,146.97789621669165,143.2688812408885,0
866,Tenuta Nuova Brunello di Montalcino 2010'.png,156.84285878847393,144.3044711440254,123.92969227530173,5
867,Tenuta Tignanello 'Marchese Antinori' Chianti Classico Riserva 2016'.png,165.40744253885342,152.38834818127444,146.73762003609798,2
868,Tenuta Tignanello 'Solaia' 2015'.png,150.64919881088716,128.5101025472041,119.27687303473748,0
869,Tenute del Pojo Imperium Riserva Montepulciano d'Abruzzo 2016'.png,96.20848715160217,97.63947459915995,94.97228016637276,1
870,Terlo Barolo 2017'.png,101.27519614560472,97.05840842332668,78.9400998864249,4
871,Terlo Vigna Costa Grimaldi Barolo 2017'.png,147.9181694740635,145.4340118157671,137.08275338240182,2
872,Teroldego 2017'.png,141.98630762783029,118.36122036400172,75.34052839689609,7
873,Terra d'Eclano Aglianico Irpinia 2019'.png,117.30330079619415,120.09211414505253,118.47083630916931,3
874,Terra di Lavoro 2015'.png,173.5539809791913,168.95038139213838,159.26845015785855,6
875,Terre Brune Superiore Carignano del Sulcis 2015'.png,157.8096942471963,144.45326921863625,136.17119510935504,5
876,Terre a Mano Carmignano Rosso 2016'.png,166.2243062852121,140.02625468104188,126.71582379482051,5
877,Terre della Baronia Rosso 2018'.png,146.26471891744777,135.43968399254334,129.47364210525632,0
878,Testamatta Toscana 2018'.png,160.29267349592303,160.64267984640725,129.82425526419152,5
879,The Wine Collection Pinot Noir Riserva 2016'.png,133.5573285147618,133.24248571683134,131.55724229399155,0
880,Tignanello 2015'.png,165.14345279180765,148.7172619435955,141.00834017887027,5
881,Tinata Toscana 2016'.png,160.36267949986978,138.41161653037355,129.35740636962836,5
882,Toppicello Nero di Troia 2015'.png,89.82353069584087,87.71898088693882,83.56401796251312,4
883,Tortoniano Barolo 2017'.png,141.87860786629793,134.3286896027565,123.01717119755607,0
884,Toscana 2010'.png,166.27089901034248,157.6367591207297,146.94402149984006,6
885,Toscana 2012'.png,146.38433664756633,120.88476324273448,96.95109977731813,7
886,Toscana 2017'.png,137.27551467444536,122.62024469657862,111.91322918288853,3
887,Toscana 2018'.png,166.75176943721397,148.1375270065979,149.98973191093737,2
888,Toscana Camartina 2008'.png,156.77616782667886,158.91462395736235,155.72044730063513,2
889,Toscana Campo di Magnacosta Rosso 2012'.png,132.41539432175722,119.3188336506229,111.03533051022069,3
890,Toscana I Sodi di San Niccolo 1990'.png,148.3304451170312,149.1768852168591,140.30060894224664,2
891,Toscana Il Pareto 2015'.png,168.34722564314131,154.0307939250409,136.77473378087737,5
892,Toscana Palafreno 2012'.png,153.60278749596512,150.527968789043,141.124058898545,2
893,Toscana Poggio Ai Merli 2016'.png,145.87765532315305,138.70039072438394,134.94347681708766,0
894,Toscana Rosso 2001'.png,133.29492584079094,126.8622689932576,108.80747523339868,3
895,Toscana Rosso 2015'.png,125.80688593642085,120.24077152636248,105.99652232548972,3
896,Tre Tine Barolo 2015'.png,178.01780038777574,167.0077959903927,154.62069972779753,6
897,Triassi 2015'.png,170.07799805891653,167.99495553362834,160.89512585974668,6
898,Turriga Isola dei Nuraghi 2017'.png,136.76371409136084,126.13854501968278,117.8653219865119,3
899,Uno 2018'.png,135.93270695337503,135.0451654866307,130.06399748824788,0
900,Uve portate a Cesena 2020'.png,153.5647225113893,137.53049116468682,126.19256713451867,5
901,V. Lazzairasco Barolo 2017'.png,149.93195842402227,144.57651478525474,139.44637032235164,2
902,Valadorna Toscana 2015'.png,183.5855167907007,175.3099665225566,163.98461736550257,6
903,Valdimaggio Montefalco Sagrantino 2016'.png,159.38239551468664,144.7386472231933,145.17335843742129,2
904,Valle Alta Amarone della Valpolicella 2013'.png,158.92351614120543,158.04118866933808,156.3955330901838,6
905,Vallocchio Brunello di Montalcino 2016'.png,143.4704049099334,138.3880596754241,128.78705394238153,0
906,Valmezzane Amarone della Valpolicella 2015'.png,156.84971364118812,155.46122100080058,142.54045347372102,2
907,Valpolicella Classico Superiore 2014'.png,95.90227869463546,129.22467135293675,100.08104558943472,1
908,Valpolicella Classico Superiore TB 2015'.png,101.47896372983553,97.61239308032832,95.48325399162245,1
909,Valpolicella Ripasso 2011'.png,153.84614879807685,89.93597259532288,67.3940217427827,7
910,Valpolicella Ripasso Classico Superiore 2017'.png,136.0474080355873,117.97907967562182,112.38909333380734,3
911,Valpolicella Superiore 2017'.png,137.20878620607994,120.86352594076514,100.8831247449225,7
912,Valpolicella Superiore Monte Lodoletta 1995'.png,143.70874964458307,135.4628548324967,132.53901520375464,0
913,Vecchie Vigne Brunello di Montalcino 2015'.png,124.92240448717413,136.78345764643575,147.89406601315943,0
914,Vega 2016'.png,147.82087825538304,140.40919831651897,146.41301541986405,2
915,Vendemmia d'Artista Solare 2017'.png,147.70154060821173,128.74356637266555,106.3488709528276,7
916,Veneto Alzero Cabernet 2009'.png,130.0214246427939,106.31949325344478,64.24700121682203,1
917,Veneto Rosso del Bepi 2010'.png,113.91575140854022,96.34426496322627,86.45266474265972,1
918,Verso Sera Colline Teramane 2018'.png,136.54570203759351,133.23357773030722,129.301784276181,0
919,Via Nuova Barolo 2016'.png,166.37199378562948,158.6855841735661,146.68952989841566,6
920,Vicoregio 36 Gran Selezione Chianti Classico 2018'.png,129.37384167246063,120.39957579343736,121.31902482761707,3
921,Vigna Barbagalli Etna Rosso 2016'.png,158.41701427947422,122.58545678373122,114.27216677377547,7
922,Vigna Cappella di S. Stefano Perno Barolo 2013'.png,152.9021000798725,136.00351401082685,129.30742298319234,0
923,Vigna Colonnello Barolo Riserva Bussia 2011'.png,99.09888461938573,103.42706658687946,101.11686582049349,1
924,Vigna Elena Barolo Riserva 2011'.png,144.0976520743254,135.46574706342184,126.80234735255357,0
925,Vigna Grande Cerzito Taurasi Riserva 2014'.png,162.8941132330578,159.3740462376896,161.86896858918323,6
926,Vigna La Rosa Barolo 2016'.png,142.1723054145127,130.1554862189273,126.36367617367928,0
927,Vigna Loreto Brunello di Montalcino 2012'.png,157.3619466645749,155.77305918464185,149.14856470928143,2
928,Vigna Macchia dei Goti Taurasi 2017'.png,166.77736511927822,165.07654627181978,161.89240004876197,6
929,Vigna Madonna Assunta La Villa Barolo Riserva 1999'.png,170.09948853538626,132.2171395848511,121.75389932154124,5
930,Vigna Marrucheto Brunello di Montalcino 2016'.png,91.08509141210223,61.46281437601445,47.67325010433213,4
931,Vigna Molsino 2016'.png,156.1229680333454,142.14671478648447,133.34294193520117,5
932,Vigna Piezza 2017'.png,136.63588892283127,143.0956813315763,149.2824965611426,0
933,Vigna Rionda Barolo 2015'.png,155.9462660765746,156.58860729786147,152.5844821518505,2
934,Vigna San Francesco Cabernet Sauvignon 2017'.png,105.8987611780592,105.52307353190129,103.53584227174971,1
935,Vigna Schiena d'Asino Brunello di Montalcino 2015'.png,156.69975189801022,153.8303863191601,148.25818626948856,2
936,Vigna Soccorso Brunello di Montalcino 2015'.png,178.5168726185954,165.47362279611164,147.85294066569006,6
937,Vigna Valferana 2014'.png,142.12339458561195,136.84545970508935,132.17314073000907,0
938,Vigna d'La Roul 2016'.png,177.50070422395513,152.1503090218126,127.53007982371265,5
939,Vigna del Sorbo Gran Selezione Chianti Classico 2017'.png,147.73438604095406,134.4694444699724,107.45379889812084,7
940,Vigna dell Impero Toscana 2015'.png,160.58458158595818,143.6645466382862,121.64914190198876,5
941,Vigna di Sessina Chianti Classico Gran Selezione 2015'.png,116.64263357903906,98.73907413939408,83.62805028009916,1
942,Vigne Vecchie Leggenda Primitivo di Manduria 2019'.png,114.47732461601149,88.9562293704137,87.28458726232094,1
943,Vigneti del Versante Brunello di Montalcino 2016'.png,117.59844205727042,119.11411625312532,132.09554470808962,3
944,Vigneto Bellavista Chianti Classico 2013'.png,160.9592539213726,142.00570605915695,119.59865360723771,5
945,Vigneto Bordini Barbaresco 2018'.png,177.37842080328338,110.86059188608607,103.25605309133213,7
946,Vigneto La Casuccia Chianti Classico Gran Selezione 2013'.png,165.62810143266668,152.6009288250267,121.80211385978266,5
947,Vigneto Monte Sant'Urbano Amarone della Valpolicella Classico 2015'.png,115.19130301512602,103.28048639974418,96.32762893777773,1
948,Vigneto Poggio Sant'Enrico 2010'.png,159.57317017172863,152.7128628747263,148.3248762263533,2
949,Vigneto San Marcellino Chianti Classico Gran Selezione 2015'.png,172.62339918059786,131.53865961127937,101.27358945425316,7
950,Villa Cordevigo Rosso 2015'.png,134.13228764259296,128.79940323817422,128.25146866873015,0
951,Villa Donoratico Bolgheri 2019'.png,166.79172120003307,148.58615631949826,136.93027855726706,5
952,Villa Gemma Montepulciano d'Abruzzo 2006'.png,147.51087244633374,103.49104676798666,70.28850321503884,7
953,Villa di Rignana Chianti Classico Gran Selezione 2013'.png,136.39883332449534,105.29379594528316,102.11775278114412,7
954,Vin del Fattore Governo All'Uso Sangiovese Toscano 2020'.png,141.54101267023822,101.59772844506344,91.5387702380413,7
955,Vino Nobile di Montepulciano 2018'.png,140.32821526692342,138.15133730804055,119.30014249781934,0
956,Vino Nobile di Montepulciano Il Nocio 2015'.png,141.43689786767587,133.82616761028055,120.27993492307036,0
957,Vino Nobile di Montepulciano Vigneto St. Ercolano 2010'.png,160.02530679311084,147.6719336908676,142.274271670765,2
958,Visellio Primitivo 2016'.png,126.68817404407939,119.35873741256361,122.78696732252286,3
959,Vite Talin Barolo 2013'.png,132.48479010000784,126.05630550219512,123.20475544680036,3
960,Viti Vecchie Albesani Barbaresco Riserva 2013'.png,124.5705131602338,109.98688802693076,100.3614582932959,1
961,Vittoria Barbera d'Alba 2017'.png,162.0671524546597,97.90199991471873,95.97128786901891,7
962,Vürsù Barbaresco Gallina 2017'.png,128.92563596059216,127.24396823024811,113.21184376480869,3
963,Vürsù Barbaresco Starderi 2003'.png,130.88004041960392,112.45390799311913,108.30200418585031,3
964,Vürsù Barbaresco Valeirano 2015'.png,123.15554902722957,125.71080546862409,147.03540080847569,0
965,Vürsù Barolo Campè 2004'.png,131.84233616871973,108.46369666379577,100.0214434840175,3
966,Zac Chianti Classico Gran Selezione 2015'.png,155.24156943901903,155.96885414904776,162.93682655808323,2
967,d'Alceo 1998'.png,133.29794209012323,131.22049869250014,112.43143381295529,3
